,2019/07/09 20:08:04,1.07
2889,2019/07/09 20:08:04,1.07
OUT1:Step,2019/07/09 20:08:04,1.07
mm,2019/07/09 20:08:04,1.07
,2019/07/09 20:08:04,1.07
,2019/07/09 20:08:04,1.08
,2019/07/09 20:08:05,1.08
,2019/07/09 20:08:05,1.08
,2019/07/09 20:08:05,1.08
,2019/07/09 20:08:05,1.08
,2019/07/09 20:08:05,1.08
,2019/07/09 20:08:05,1.08
,2019/07/09 20:08:05,1.08
,2019/07/09 20:08:05,1.09
,2019/07/09 20:08:05,1.09
,2019/07/09 20:08:05,1.09
,2019/07/09 20:08:06,1.09
,2019/07/09 20:08:06,1.09
,2019/07/09 20:08:06,1.09
,2019/07/09 20:08:06,1.09
,2019/07/09 20:08:06,1.09
,2019/07/09 20:08:06,1.09
,2019/07/09 20:08:06,1.09
,2019/07/09 20:08:06,1.09
,2019/07/09 20:08:06,1.09
,2019/07/09 20:08:06,1.09
,2019/07/09 20:08:07,1.09
,2019/07/09 20:08:07,1.09
,2019/07/09 20:08:07,1.09
,2019/07/09 20:08:07,1.09
,2019/07/09 20:08:07,1.09
,2019/07/09 20:08:07,1.08
,2019/07/09 20:08:07,1.08
,2019/07/09 20:08:07,1.08
,2019/07/09 20:08:07,1.09
,2019/07/09 20:08:07,1.09
,2019/07/09 20:08:08,1.09
,2019/07/09 20:08:08,1.10
,2019/07/09 20:08:08,1.10
,2019/07/09 20:08:08,1.11
,2019/07/09 20:08:08,1.11
,2019/07/09 20:08:08,1.12
,2019/07/09 20:08:08,1.12
,2019/07/09 20:08:08,1.13
,2019/07/09 20:08:08,1.13
,2019/07/09 20:08:08,1.13
,2019/07/09 20:08:09,1.13
,2019/07/09 20:08:09,1.13
,2019/07/09 20:08:09,1.13
,2019/07/09 20:08:09,1.14
,2019/07/09 20:08:09,1.14
,2019/07/09 20:08:09,1.14
,2019/07/09 20:08:09,1.14
,2019/07/09 20:08:09,1.14
,2019/07/09 20:08:09,1.13
,2019/07/09 20:08:09,1.13
,2019/07/09 20:08:10,1.13
,2019/07/09 20:08:10,1.13
,2019/07/09 20:08:10,1.13
,2019/07/09 20:08:10,1.13
,2019/07/09 20:08:10,1.13
,2019/07/09 20:08:10,1.13
,2019/07/09 20:08:10,1.13
,2019/07/09 20:08:10,1.13
,2019/07/09 20:08:10,1.12
,2019/07/09 20:08:10,1.12
,2019/07/09 20:08:10,1.11
,2019/07/09 20:08:11,1.11
,2019/07/09 20:08:11,1.11
,2019/07/09 20:08:11,1.10
,2019/07/09 20:08:11,1.10
,2019/07/09 20:08:11,1.10
,2019/07/09 20:08:11,1.09
,2019/07/09 20:08:11,1.09
,2019/07/09 20:08:11,1.08
,2019/07/09 20:08:11,1.08
,2019/07/09 20:08:11,1.09
,2019/07/09 20:08:12,1.10
,2019/07/09 20:08:12,1.11
,2019/07/09 20:08:12,1.14
,2019/07/09 20:08:12,1.16
,2019/07/09 20:08:12,1.16
,2019/07/09 20:08:12,1.17
,2019/07/09 20:08:12,1.17
,2019/07/09 20:08:12,1.17
,2019/07/09 20:08:12,1.17
,2019/07/09 20:08:12,1.17
,2019/07/09 20:08:13,1.17
,2019/07/09 20:08:13,1.18
,2019/07/09 20:08:13,1.18
,2019/07/09 20:08:13,1.18
,2019/07/09 20:08:13,1.18
,2019/07/09 20:08:13,1.17
,2019/07/09 20:08:13,1.17
,2019/07/09 20:08:13,1.15
,2019/07/09 20:08:13,1.13
,2019/07/09 20:08:13,1.12
,2019/07/09 20:08:14,1.11
,2019/07/09 20:08:14,1.11
,2019/07/09 20:08:14,1.11
,2019/07/09 20:08:14,1.11
,2019/07/09 20:08:14,1.11
,2019/07/09 20:08:14,1.11
,2019/07/09 20:08:14,1.12
,2019/07/09 20:08:14,1.12
,2019/07/09 20:08:14,1.12
,2019/07/09 20:08:14,1.12
,2019/07/09 20:08:15,1.12
,2019/07/09 20:08:15,1.12
,2019/07/09 20:08:15,1.14
,2019/07/09 20:08:15,1.16
,2019/07/09 20:08:15,1.18
,2019/07/09 20:08:15,1.20
,2019/07/09 20:08:15,1.22
,2019/07/09 20:08:15,1.24
,2019/07/09 20:08:15,1.25
,2019/07/09 20:08:15,1.25
,2019/07/09 20:08:15,1.26
,2019/07/09 20:08:16,1.26
,2019/07/09 20:08:16,1.25
,2019/07/09 20:08:16,1.24
,2019/07/09 20:08:16,1.24
,2019/07/09 20:08:16,1.23
,2019/07/09 20:08:16,1.22
,2019/07/09 20:08:16,1.22
,2019/07/09 20:08:16,1.19
,2019/07/09 20:08:16,1.16
,2019/07/09 20:08:16,1.14
,2019/07/09 20:08:17,1.12
,2019/07/09 20:08:17,1.09
,2019/07/09 20:08:17,1.07
,2019/07/09 20:08:17,1.05
,2019/07/09 20:08:17,1.04
,2019/07/09 20:08:17,1.03
,2019/07/09 20:08:17,1.03
,2019/07/09 20:08:17,1.03
,2019/07/09 20:08:17,1.03
,2019/07/09 20:08:17,1.03
,2019/07/09 20:08:18,1.03
,2019/07/09 20:08:18,1.02
,2019/07/09 20:08:18,1.02
,2019/07/09 20:08:18,1.03
,2019/07/09 20:08:18,1.03
,2019/07/09 20:08:18,1.03
,2019/07/09 20:08:18,1.03
,2019/07/09 20:08:18,1.03
,2019/07/09 20:08:18,1.03
,2019/07/09 20:08:18,1.03
,2019/07/09 20:08:19,1.03
,2019/07/09 20:08:19,1.03
,2019/07/09 20:08:19,1.03
,2019/07/09 20:08:19,1.03
,2019/07/09 20:08:19,1.03
,2019/07/09 20:08:19,1.03
,2019/07/09 20:08:19,1.03
,2019/07/09 20:08:19,1.04
,2019/07/09 20:08:19,1.04
,2019/07/09 20:08:19,1.04
,2019/07/09 20:08:20,1.04
,2019/07/09 20:08:20,1.04
,2019/07/09 20:08:20,1.04
,2019/07/09 20:08:20,1.04
,2019/07/09 20:08:20,1.05
,2019/07/09 20:08:20,1.05
,2019/07/09 20:08:20,1.05
,2019/07/09 20:08:20,1.06
,2019/07/09 20:08:20,1.06
,2019/07/09 20:08:20,1.07
,2019/07/09 20:08:20,1.07
,2019/07/09 20:08:21,1.07
,2019/07/09 20:08:21,1.08
,2019/07/09 20:08:21,1.08
,2019/07/09 20:08:21,1.09
,2019/07/09 20:08:21,1.09
,2019/07/09 20:08:21,1.10
,2019/07/09 20:08:21,1.10
,2019/07/09 20:08:21,1.11
,2019/07/09 20:08:21,1.11
,2019/07/09 20:08:21,1.12
,2019/07/09 20:08:22,1.12
,2019/07/09 20:08:22,1.12
,2019/07/09 20:08:22,1.13
,2019/07/09 20:08:22,1.12
,2019/07/09 20:08:22,1.12
,2019/07/09 20:08:22,1.12
,2019/07/09 20:08:22,1.12
,2019/07/09 20:08:22,1.12
,2019/07/09 20:08:22,1.12
,2019/07/09 20:08:22,1.12
,2019/07/09 20:08:23,1.11
,2019/07/09 20:08:23,1.11
,2019/07/09 20:08:23,1.11
,2019/07/09 20:08:23,1.11
,2019/07/09 20:08:23,1.11
,2019/07/09 20:08:23,1.11
,2019/07/09 20:08:23,1.10
,2019/07/09 20:08:23,1.10
,2019/07/09 20:08:23,1.10
,2019/07/09 20:08:23,1.09
,2019/07/09 20:08:24,1.09
,2019/07/09 20:08:24,1.09
,2019/07/09 20:08:24,1.09
,2019/07/09 20:08:24,1.09
,2019/07/09 20:08:24,1.09
,2019/07/09 20:08:24,1.09
,2019/07/09 20:08:24,1.08
,2019/07/09 20:08:24,1.08
,2019/07/09 20:08:24,1.08
,2019/07/09 20:08:24,1.08
,2019/07/09 20:08:25,1.08
,2019/07/09 20:08:25,1.07
,2019/07/09 20:08:25,1.07
,2019/07/09 20:08:25,1.07
,2019/07/09 20:08:25,1.07
,2019/07/09 20:08:25,1.07
,2019/07/09 20:08:25,1.07
,2019/07/09 20:08:25,1.07
,2019/07/09 20:08:25,1.07
,2019/07/09 20:08:25,1.07
,2019/07/09 20:08:25,1.07
,2019/07/09 20:08:26,1.07
,2019/07/09 20:08:26,1.07
,2019/07/09 20:08:26,1.07
,2019/07/09 20:08:26,1.07
,2019/07/09 20:08:26,1.07
,2019/07/09 20:08:26,1.08
,2019/07/09 20:08:26,1.08
,2019/07/09 20:08:26,1.09
,2019/07/09 20:08:26,1.09
,2019/07/09 20:08:26,1.09
,2019/07/09 20:08:27,1.09
,2019/07/09 20:08:27,1.10
,2019/07/09 20:08:27,1.10
,2019/07/09 20:08:27,1.10
,2019/07/09 20:08:27,1.10
,2019/07/09 20:08:27,1.11
,2019/07/09 20:08:27,1.11
,2019/07/09 20:08:27,1.11
,2019/07/09 20:08:27,1.11
,2019/07/09 20:08:27,1.10
,2019/07/09 20:08:28,1.10
,2019/07/09 20:08:28,1.10
,2019/07/09 20:08:28,1.10
,2019/07/09 20:08:28,1.10
,2019/07/09 20:08:28,1.09
,2019/07/09 20:08:28,1.09
,2019/07/09 20:08:28,1.08
,2019/07/09 20:08:28,1.08
,2019/07/09 20:08:28,1.07
,2019/07/09 20:08:28,1.07
,2019/07/09 20:08:29,1.06
,2019/07/09 20:08:29,1.06
,2019/07/09 20:08:29,1.05
,2019/07/09 20:08:29,1.05
,2019/07/09 20:08:29,1.04
,2019/07/09 20:08:29,1.04
,2019/07/09 20:08:29,1.04
,2019/07/09 20:08:29,1.04
,2019/07/09 20:08:29,1.03
,2019/07/09 20:08:29,1.03
,2019/07/09 20:08:30,1.02
,2019/07/09 20:08:30,1.02
,2019/07/09 20:08:30,1.03
,2019/07/09 20:08:30,1.03
,2019/07/09 20:08:30,1.03
,2019/07/09 20:08:30,1.03
,2019/07/09 20:08:30,1.03
,2019/07/09 20:08:30,1.03
,2019/07/09 20:08:30,1.03
,2019/07/09 20:08:30,1.03
,2019/07/09 20:08:30,1.03
,2019/07/09 20:08:31,1.03
,2019/07/09 20:08:31,1.03
,2019/07/09 20:08:31,1.03
,2019/07/09 20:08:31,1.03
,2019/07/09 20:08:31,1.04
,2019/07/09 20:08:31,1.04
,2019/07/09 20:08:31,1.05
,2019/07/09 20:08:31,1.05
,2019/07/09 20:08:31,1.05
,2019/07/09 20:08:31,1.05
,2019/07/09 20:08:32,1.06
,2019/07/09 20:08:32,1.06
,2019/07/09 20:08:32,1.06
,2019/07/09 20:08:32,1.07
,2019/07/09 20:08:32,1.07
,2019/07/09 20:08:32,1.07
,2019/07/09 20:08:32,1.07
,2019/07/09 20:08:32,1.07
,2019/07/09 20:08:32,1.07
,2019/07/09 20:08:32,1.07
,2019/07/09 20:08:33,1.07
,2019/07/09 20:08:33,1.07
,2019/07/09 20:08:33,1.07
,2019/07/09 20:08:33,1.07
,2019/07/09 20:08:33,1.07
,2019/07/09 20:08:33,1.07
,2019/07/09 20:08:33,1.06
,2019/07/09 20:08:33,1.06
,2019/07/09 20:08:33,1.06
,2019/07/09 20:08:33,1.06
,2019/07/09 20:08:34,1.05
,2019/07/09 20:08:34,1.05
,2019/07/09 20:08:34,1.05
,2019/07/09 20:08:34,1.05
,2019/07/09 20:08:34,1.05
,2019/07/09 20:08:34,1.05
,2019/07/09 20:08:34,1.05
,2019/07/09 20:08:34,1.05
,2019/07/09 20:08:34,1.05
,2019/07/09 20:08:34,1.04
,2019/07/09 20:08:35,1.04
,2019/07/09 20:08:35,1.04
,2019/07/09 20:08:35,1.04
,2019/07/09 20:08:35,1.04
,2019/07/09 20:08:35,1.04
,2019/07/09 20:08:35,1.04
,2019/07/09 20:08:35,1.04
,2019/07/09 20:08:35,1.04
,2019/07/09 20:08:35,1.04
,2019/07/09 20:08:35,1.04
,2019/07/09 20:08:35,1.04
,2019/07/09 20:08:36,1.04
,2019/07/09 20:08:36,1.04
,2019/07/09 20:08:36,1.04
,2019/07/09 20:08:36,1.03
,2019/07/09 20:08:36,1.03
,2019/07/09 20:08:36,1.03
,2019/07/09 20:08:36,1.03
,2019/07/09 20:08:36,1.03
,2019/07/09 20:08:36,1.03
,2019/07/09 20:08:36,1.03
,2019/07/09 20:08:37,1.03
,2019/07/09 20:08:37,1.03
,2019/07/09 20:08:37,1.03
,2019/07/09 20:08:37,1.04
,2019/07/09 20:08:37,1.04
,2019/07/09 20:08:37,1.04
,2019/07/09 20:08:37,1.05
,2019/07/09 20:08:37,1.05
,2019/07/09 20:08:37,1.05
,2019/07/09 20:08:37,1.06
,2019/07/09 20:08:38,1.07
,2019/07/09 20:08:38,1.08
,2019/07/09 20:08:38,1.09
,2019/07/09 20:08:38,1.09
,2019/07/09 20:08:38,1.09
,2019/07/09 20:08:38,1.10
,2019/07/09 20:08:38,1.10
,2019/07/09 20:08:38,1.10
,2019/07/09 20:08:38,1.11
,2019/07/09 20:08:38,1.10
,2019/07/09 20:08:39,1.10
,2019/07/09 20:08:39,1.10
,2019/07/09 20:08:39,1.09
,2019/07/09 20:08:39,1.08
,2019/07/09 20:08:39,1.08
,2019/07/09 20:08:39,1.08
,2019/07/09 20:08:39,1.07
,2019/07/09 20:08:39,1.07
,2019/07/09 20:08:39,1.06
,2019/07/09 20:08:39,1.06
,2019/07/09 20:08:40,1.06
,2019/07/09 20:08:40,1.06
,2019/07/09 20:08:40,1.05
,2019/07/09 20:08:40,1.05
,2019/07/09 20:08:40,1.05
,2019/07/09 20:08:40,1.05
,2019/07/09 20:08:40,1.05
,2019/07/09 20:08:40,1.05
,2019/07/09 20:08:40,1.06
,2019/07/09 20:08:40,1.06
,2019/07/09 20:08:40,1.07
,2019/07/09 20:08:41,1.07
,2019/07/09 20:08:41,1.07
,2019/07/09 20:08:41,1.07
,2019/07/09 20:08:41,1.07
,2019/07/09 20:08:41,1.08
,2019/07/09 20:08:41,1.08
,2019/07/09 20:08:41,1.09
,2019/07/09 20:08:41,1.09
,2019/07/09 20:08:41,1.09
,2019/07/09 20:08:41,1.09
,2019/07/09 20:08:42,1.10
,2019/07/09 20:08:42,1.10
,2019/07/09 20:08:42,1.10
,2019/07/09 20:08:42,1.10
,2019/07/09 20:08:42,1.10
,2019/07/09 20:08:42,1.09
,2019/07/09 20:08:42,1.09
,2019/07/09 20:08:42,1.08
,2019/07/09 20:08:42,1.08
,2019/07/09 20:08:42,1.07
,2019/07/09 20:08:43,1.07
,2019/07/09 20:08:43,1.06
,2019/07/09 20:08:43,1.05
,2019/07/09 20:08:43,1.04
,2019/07/09 20:08:43,1.04
,2019/07/09 20:08:43,1.03
,2019/07/09 20:08:43,1.02
,2019/07/09 20:08:43,1.02
,2019/07/09 20:08:43,1.01
,2019/07/09 20:08:43,1.00
,2019/07/09 20:08:44,1.00
,2019/07/09 20:08:44,0.99
,2019/07/09 20:08:44,0.99
,2019/07/09 20:08:44,1.00
,2019/07/09 20:08:44,1.00
,2019/07/09 20:08:44,1.01
,2019/07/09 20:08:44,1.01
,2019/07/09 20:08:44,1.02
,2019/07/09 20:08:44,1.03
,2019/07/09 20:08:44,1.03
,2019/07/09 20:08:45,1.04
,2019/07/09 20:08:45,1.05
,2019/07/09 20:08:45,1.06
,2019/07/09 20:08:45,1.06
,2019/07/09 20:08:45,1.07
,2019/07/09 20:08:45,1.08
,2019/07/09 20:08:45,1.08
,2019/07/09 20:08:45,1.09
,2019/07/09 20:08:45,1.09
,2019/07/09 20:08:45,1.09
,2019/07/09 20:08:45,1.09
,2019/07/09 20:08:46,1.08
,2019/07/09 20:08:46,1.08
,2019/07/09 20:08:46,1.08
,2019/07/09 20:08:46,1.07
,2019/07/09 20:08:46,1.06
,2019/07/09 20:08:46,1.06
,2019/07/09 20:08:46,1.05
,2019/07/09 20:08:46,1.04
,2019/07/09 20:08:46,1.03
,2019/07/09 20:08:46,1.02
,2019/07/09 20:08:47,1.01
,2019/07/09 20:08:47,1.00
,2019/07/09 20:08:47,1.00
,2019/07/09 20:08:47,0.99
,2019/07/09 20:08:47,0.98
,2019/07/09 20:08:47,0.98
,2019/07/09 20:08:47,0.97
,2019/07/09 20:08:47,0.97
,2019/07/09 20:08:47,0.96
,2019/07/09 20:08:47,0.96
,2019/07/09 20:08:48,0.96
,2019/07/09 20:08:48,0.96
,2019/07/09 20:08:48,0.96
,2019/07/09 20:08:48,0.96
,2019/07/09 20:08:48,0.96
,2019/07/09 20:08:48,0.97
,2019/07/09 20:08:48,0.97
,2019/07/09 20:08:48,0.97
,2019/07/09 20:08:48,0.97
,2019/07/09 20:08:48,0.97
,2019/07/09 20:08:49,0.97
,2019/07/09 20:08:49,0.97
,2019/07/09 20:08:49,0.97
,2019/07/09 20:08:49,0.98
,2019/07/09 20:08:49,0.98
,2019/07/09 20:08:49,0.99
,2019/07/09 20:08:49,0.99
,2019/07/09 20:08:49,0.99
,2019/07/09 20:08:49,1.00
,2019/07/09 20:08:49,1.00
,2019/07/09 20:08:49,1.00
,2019/07/09 20:08:50,1.00
,2019/07/09 20:08:50,1.00
,2019/07/09 20:08:50,1.00
,2019/07/09 20:08:50,1.00
,2019/07/09 20:08:50,1.00
,2019/07/09 20:08:50,1.00
,2019/07/09 20:08:50,1.01
,2019/07/09 20:08:50,1.01
,2019/07/09 20:08:50,1.01
,2019/07/09 20:08:50,1.01
,2019/07/09 20:08:51,1.01
,2019/07/09 20:08:51,1.01
,2019/07/09 20:08:51,1.01
,2019/07/09 20:08:51,1.01
,2019/07/09 20:08:51,1.01
,2019/07/09 20:08:51,1.01
,2019/07/09 20:08:51,1.01
,2019/07/09 20:08:51,1.01
,2019/07/09 20:08:51,1.02
,2019/07/09 20:08:51,1.03
,2019/07/09 20:08:52,1.04
,2019/07/09 20:08:52,1.05
,2019/07/09 20:08:52,1.05
,2019/07/09 20:08:52,1.05
,2019/07/09 20:08:52,1.05
,2019/07/09 20:08:52,1.05
,2019/07/09 20:08:52,1.04
,2019/07/09 20:08:52,1.04
,2019/07/09 20:08:52,1.03
,2019/07/09 20:08:52,1.03
,2019/07/09 20:08:53,1.02
,2019/07/09 20:08:53,1.02
,2019/07/09 20:08:53,1.01
,2019/07/09 20:08:53,1.01
,2019/07/09 20:08:53,1.00
,2019/07/09 20:08:53,0.98
,2019/07/09 20:08:53,0.97
,2019/07/09 20:08:53,0.96
,2019/07/09 20:08:53,0.95
,2019/07/09 20:08:53,0.94
,2019/07/09 20:08:54,0.94
,2019/07/09 20:08:54,0.93
,2019/07/09 20:08:54,0.93
,2019/07/09 20:08:54,0.95
,2019/07/09 20:08:54,0.97
,2019/07/09 20:08:54,1.00
,2019/07/09 20:08:54,1.02
,2019/07/09 20:08:54,1.04
,2019/07/09 20:08:54,1.06
,2019/07/09 20:08:54,1.08
,2019/07/09 20:08:54,1.10
,2019/07/09 20:08:55,1.12
,2019/07/09 20:08:55,1.14
,2019/07/09 20:08:55,1.15
,2019/07/09 20:08:55,1.17
,2019/07/09 20:08:55,1.19
,2019/07/09 20:08:55,1.20
,2019/07/09 20:08:55,1.21
,2019/07/09 20:08:55,1.23
,2019/07/09 20:08:55,1.22
,2019/07/09 20:08:55,1.21
,2019/07/09 20:08:56,1.20
,2019/07/09 20:08:56,1.20
,2019/07/09 20:08:56,1.19
,2019/07/09 20:08:56,1.18
,2019/07/09 20:08:56,1.16
,2019/07/09 20:08:56,1.15
,2019/07/09 20:08:56,1.13
,2019/07/09 20:08:56,1.12
,2019/07/09 20:08:56,1.11
,2019/07/09 20:08:56,1.11
,2019/07/09 20:08:57,1.10
,2019/07/09 20:08:57,1.09
,2019/07/09 20:08:57,1.08
,2019/07/09 20:08:57,1.06
,2019/07/09 20:08:57,1.05
,2019/07/09 20:08:57,1.04
,2019/07/09 20:08:57,1.02
,2019/07/09 20:08:57,1.01
,2019/07/09 20:08:57,0.99
,2019/07/09 20:08:57,0.98
,2019/07/09 20:08:58,0.97
,2019/07/09 20:08:58,0.97
,2019/07/09 20:08:58,0.96
,2019/07/09 20:08:58,0.96
,2019/07/09 20:08:58,0.95
,2019/07/09 20:08:58,0.94
,2019/07/09 20:08:58,0.93
,2019/07/09 20:08:58,0.92
,2019/07/09 20:08:58,0.92
,2019/07/09 20:08:58,0.91
,2019/07/09 20:08:59,0.91
,2019/07/09 20:08:59,0.91
,2019/07/09 20:08:59,0.91
,2019/07/09 20:08:59,0.91
,2019/07/09 20:08:59,0.92
,2019/07/09 20:08:59,0.92
,2019/07/09 20:08:59,0.92
,2019/07/09 20:08:59,0.93
,2019/07/09 20:08:59,0.93
,2019/07/09 20:08:59,0.93
,2019/07/09 20:08:59,0.94
,2019/07/09 20:09:00,0.94
,2019/07/09 20:09:00,0.95
,2019/07/09 20:09:00,0.96
,2019/07/09 20:09:00,0.97
,2019/07/09 20:09:00,0.98
,2019/07/09 20:09:00,0.99
,2019/07/09 20:09:00,1.00
,2019/07/09 20:09:00,1.00
,2019/07/09 20:09:00,1.01
,2019/07/09 20:09:00,1.01
,2019/07/09 20:09:01,1.02
,2019/07/09 20:09:01,1.02
,2019/07/09 20:09:01,1.02
,2019/07/09 20:09:01,1.02
,2019/07/09 20:09:01,1.02
,2019/07/09 20:09:01,1.03
,2019/07/09 20:09:01,1.03
,2019/07/09 20:09:01,1.03
,2019/07/09 20:09:01,1.03
,2019/07/09 20:09:01,1.04
,2019/07/09 20:09:02,1.04
,2019/07/09 20:09:02,1.04
,2019/07/09 20:09:02,1.06
,2019/07/09 20:09:02,1.09
,2019/07/09 20:09:02,1.12
,2019/07/09 20:09:02,1.15
,2019/07/09 20:09:02,1.18
,2019/07/09 20:09:02,1.20
,2019/07/09 20:09:02,1.23
,2019/07/09 20:09:02,1.26
,2019/07/09 20:09:03,1.29
,2019/07/09 20:09:03,1.31
,2019/07/09 20:09:03,1.34
,2019/07/09 20:09:03,1.36
,2019/07/09 20:09:03,1.37
,2019/07/09 20:09:03,1.37
,2019/07/09 20:09:03,1.38
,2019/07/09 20:09:03,1.38
,2019/07/09 20:09:03,1.36
,2019/07/09 20:09:03,1.34
,2019/07/09 20:09:04,1.31
,2019/07/09 20:09:04,1.28
,2019/07/09 20:09:04,1.25
,2019/07/09 20:09:04,1.23
,2019/07/09 20:09:04,1.20
,2019/07/09 20:09:04,1.18
,2019/07/09 20:09:04,1.15
,2019/07/09 20:09:04,1.13
,2019/07/09 20:09:04,1.10
,2019/07/09 20:09:04,1.08
,2019/07/09 20:09:04,1.07
,2019/07/09 20:09:05,1.06
,2019/07/09 20:09:05,1.06
,2019/07/09 20:09:05,1.05
,2019/07/09 20:09:05,1.05
,2019/07/09 20:09:05,1.04
,2019/07/09 20:09:05,1.04
,2019/07/09 20:09:05,1.04
,2019/07/09 20:09:05,1.04
,2019/07/09 20:09:05,1.04
,2019/07/09 20:09:05,1.04
,2019/07/09 20:09:06,1.05
,2019/07/09 20:09:06,1.05
,2019/07/09 20:09:06,1.06
,2019/07/09 20:09:06,1.06
,2019/07/09 20:09:06,1.07
,2019/07/09 20:09:06,1.08
,2019/07/09 20:09:06,1.09
,2019/07/09 20:09:06,1.10
,2019/07/09 20:09:06,1.11
,2019/07/09 20:09:06,1.13
,2019/07/09 20:09:07,1.15
,2019/07/09 20:09:07,1.16
,2019/07/09 20:09:07,1.18
,2019/07/09 20:09:07,1.19
,2019/07/09 20:09:07,1.19
,2019/07/09 20:09:07,1.20
,2019/07/09 20:09:07,1.19
,2019/07/09 20:09:07,1.19
,2019/07/09 20:09:07,1.18
,2019/07/09 20:09:07,1.18
,2019/07/09 20:09:08,1.17
,2019/07/09 20:09:08,1.17
,2019/07/09 20:09:08,1.16
,2019/07/09 20:09:08,1.15
,2019/07/09 20:09:08,1.14
,2019/07/09 20:09:08,1.12
,2019/07/09 20:09:08,1.11
,2019/07/09 20:09:08,1.09
,2019/07/09 20:09:08,1.07
,2019/07/09 20:09:08,1.07
,2019/07/09 20:09:09,1.06
,2019/07/09 20:09:09,1.05
,2019/07/09 20:09:09,1.05
,2019/07/09 20:09:09,1.05
,2019/07/09 20:09:09,1.05
,2019/07/09 20:09:09,1.05
,2019/07/09 20:09:09,1.05
,2019/07/09 20:09:09,1.05
,2019/07/09 20:09:09,1.05
,2019/07/09 20:09:09,1.04
,2019/07/09 20:09:09,1.04
,2019/07/09 20:09:10,1.04
,2019/07/09 20:09:10,1.04
,2019/07/09 20:09:10,1.04
,2019/07/09 20:09:10,1.04
,2019/07/09 20:09:10,1.04
,2019/07/09 20:09:10,1.04
,2019/07/09 20:09:10,1.04
,2019/07/09 20:09:10,1.04
,2019/07/09 20:09:10,1.04
,2019/07/09 20:09:10,1.04
,2019/07/09 20:09:11,1.04
,2019/07/09 20:09:11,1.04
,2019/07/09 20:09:11,1.04
,2019/07/09 20:09:11,1.04
,2019/07/09 20:09:11,1.05
,2019/07/09 20:09:11,1.05
,2019/07/09 20:09:11,1.06
,2019/07/09 20:09:11,1.06
,2019/07/09 20:09:11,1.07
,2019/07/09 20:09:11,1.06
,2019/07/09 20:09:12,1.06
,2019/07/09 20:09:12,1.06
,2019/07/09 20:09:12,1.06
,2019/07/09 20:09:12,1.06
,2019/07/09 20:09:12,1.06
,2019/07/09 20:09:12,1.05
,2019/07/09 20:09:12,1.05
,2019/07/09 20:09:12,1.04
,2019/07/09 20:09:12,1.04
,2019/07/09 20:09:12,1.04
,2019/07/09 20:09:13,1.04
,2019/07/09 20:09:13,1.04
,2019/07/09 20:09:13,1.04
,2019/07/09 20:09:13,1.03
,2019/07/09 20:09:13,1.03
,2019/07/09 20:09:13,1.03
,2019/07/09 20:09:13,1.03
,2019/07/09 20:09:13,1.03
,2019/07/09 20:09:13,1.03
,2019/07/09 20:09:13,1.03
,2019/07/09 20:09:14,1.03
,2019/07/09 20:09:14,1.03
,2019/07/09 20:09:14,1.02
,2019/07/09 20:09:14,1.02
,2019/07/09 20:09:14,1.02
,2019/07/09 20:09:14,1.01
,2019/07/09 20:09:14,1.01
,2019/07/09 20:09:14,1.00
,2019/07/09 20:09:14,0.99
,2019/07/09 20:09:14,0.98
,2019/07/09 20:09:14,0.98
,2019/07/09 20:09:15,0.98
,2019/07/09 20:09:15,0.97
,2019/07/09 20:09:15,0.97
,2019/07/09 20:09:15,0.96
,2019/07/09 20:09:15,0.96
,2019/07/09 20:09:15,0.96
,2019/07/09 20:09:15,0.96
,2019/07/09 20:09:15,0.96
,2019/07/09 20:09:15,0.96
,2019/07/09 20:09:15,0.96
,2019/07/09 20:09:16,0.96
,2019/07/09 20:09:16,0.96
,2019/07/09 20:09:16,0.96
,2019/07/09 20:09:16,0.96
,2019/07/09 20:09:16,0.97
,2019/07/09 20:09:16,0.97
,2019/07/09 20:09:16,0.97
,2019/07/09 20:09:16,0.97
,2019/07/09 20:09:16,0.97
,2019/07/09 20:09:16,0.97
,2019/07/09 20:09:17,0.97
,2019/07/09 20:09:17,0.97
,2019/07/09 20:09:17,0.97
,2019/07/09 20:09:17,0.97
,2019/07/09 20:09:17,0.97
,2019/07/09 20:09:17,0.97
,2019/07/09 20:09:17,0.97
,2019/07/09 20:09:17,0.98
,2019/07/09 20:09:17,0.98
,2019/07/09 20:09:17,0.98
,2019/07/09 20:09:18,0.99
,2019/07/09 20:09:18,0.99
,2019/07/09 20:09:18,1.00
,2019/07/09 20:09:18,1.03
,2019/07/09 20:09:18,1.06
,2019/07/09 20:09:18,1.08
,2019/07/09 20:09:18,1.11
,2019/07/09 20:09:18,1.13
,2019/07/09 20:09:18,1.14
,2019/07/09 20:09:18,1.13
,2019/07/09 20:09:19,1.13
,2019/07/09 20:09:19,1.13
,2019/07/09 20:09:19,1.13
,2019/07/09 20:09:19,1.14
,2019/07/09 20:09:19,1.14
,2019/07/09 20:09:19,1.13
,2019/07/09 20:09:19,1.13
,2019/07/09 20:09:19,1.12
,2019/07/09 20:09:19,1.11
,2019/07/09 20:09:19,1.08
,2019/07/09 20:09:20,1.05
,2019/07/09 20:09:20,1.03
,2019/07/09 20:09:20,1.00
,2019/07/09 20:09:20,0.97
,2019/07/09 20:09:20,0.99
,2019/07/09 20:09:20,0.99
,2019/07/09 20:09:20,0.99
,2019/07/09 20:09:20,0.99
,2019/07/09 20:09:20,0.99
,2019/07/09 20:09:20,0.98
,2019/07/09 20:09:20,0.98
,2019/07/09 20:09:21,0.98
,2019/07/09 20:09:21,0.97
,2019/07/09 20:09:21,0.98
,2019/07/09 20:09:21,0.98
,2019/07/09 20:09:21,0.98
,2019/07/09 20:09:21,0.98
,2019/07/09 20:09:21,0.99
,2019/07/09 20:09:21,0.99
,2019/07/09 20:09:21,0.99
,2019/07/09 20:09:21,0.97
,2019/07/09 20:09:22,0.97
,2019/07/09 20:09:22,0.97
,2019/07/09 20:09:22,0.97
,2019/07/09 20:09:22,0.97
,2019/07/09 20:09:22,0.97
,2019/07/09 20:09:22,0.97
,2019/07/09 20:09:22,0.97
,2019/07/09 20:09:22,0.97
,2019/07/09 20:09:22,0.97
,2019/07/09 20:09:22,0.97
,2019/07/09 20:09:23,0.97
,2019/07/09 20:09:23,0.98
,2019/07/09 20:09:23,0.98
,2019/07/09 20:09:23,0.98
,2019/07/09 20:09:23,0.98
,2019/07/09 20:09:23,0.99
,2019/07/09 20:09:23,0.99
,2019/07/09 20:09:23,1.00
,2019/07/09 20:09:23,1.00
,2019/07/09 20:09:23,1.00
,2019/07/09 20:09:24,1.00
,2019/07/09 20:09:24,1.01
,2019/07/09 20:09:24,1.01
,2019/07/09 20:09:24,1.02
,2019/07/09 20:09:24,1.02
,2019/07/09 20:09:24,1.02
,2019/07/09 20:09:24,1.03
,2019/07/09 20:09:24,1.03
,2019/07/09 20:09:24,1.03
,2019/07/09 20:09:24,1.03
,2019/07/09 20:09:25,1.04
,2019/07/09 20:09:25,1.04
,2019/07/09 20:09:25,1.03
,2019/07/09 20:09:25,1.03
,2019/07/09 20:09:25,1.03
,2019/07/09 20:09:25,1.03
,2019/07/09 20:09:25,1.03
,2019/07/09 20:09:25,1.03
,2019/07/09 20:09:25,1.03
,2019/07/09 20:09:25,1.02
,2019/07/09 20:09:25,1.01
,2019/07/09 20:09:26,1.01
,2019/07/09 20:09:26,1.01
,2019/07/09 20:09:26,1.00
,2019/07/09 20:09:26,1.00
,2019/07/09 20:09:26,1.00
,2019/07/09 20:09:26,0.99
,2019/07/09 20:09:26,0.99
,2019/07/09 20:09:26,0.99
,2019/07/09 20:09:26,0.99
,2019/07/09 20:09:26,0.99
,2019/07/09 20:09:27,1.00
,2019/07/09 20:09:27,1.00
,2019/07/09 20:09:27,1.00
,2019/07/09 20:09:27,1.00
,2019/07/09 20:09:27,1.00
,2019/07/09 20:09:27,1.00
,2019/07/09 20:09:27,1.01
,2019/07/09 20:09:27,1.01
,2019/07/09 20:09:27,1.01
,2019/07/09 20:09:27,1.02
,2019/07/09 20:09:28,1.02
,2019/07/09 20:09:28,1.03
,2019/07/09 20:09:28,1.03
,2019/07/09 20:09:28,1.04
,2019/07/09 20:09:28,1.04
,2019/07/09 20:09:28,1.05
,2019/07/09 20:09:28,1.05
,2019/07/09 20:09:28,1.05
,2019/07/09 20:09:28,1.05
,2019/07/09 20:09:28,1.06
,2019/07/09 20:09:29,1.06
,2019/07/09 20:09:29,1.07
,2019/07/09 20:09:29,1.07
,2019/07/09 20:09:29,1.07
,2019/07/09 20:09:29,1.07
,2019/07/09 20:09:29,1.07
,2019/07/09 20:09:29,1.07
,2019/07/09 20:09:29,1.07
,2019/07/09 20:09:29,1.07
,2019/07/09 20:09:29,1.06
,2019/07/09 20:09:30,1.06
,2019/07/09 20:09:30,1.06
,2019/07/09 20:09:30,1.05
,2019/07/09 20:09:30,1.05
,2019/07/09 20:09:30,1.05
,2019/07/09 20:09:30,1.05
,2019/07/09 20:09:30,1.05
,2019/07/09 20:09:30,1.05
,2019/07/09 20:09:30,1.05
,2019/07/09 20:09:30,1.04
,2019/07/09 20:09:30,1.04
,2019/07/09 20:09:31,1.04
,2019/07/09 20:09:31,1.05
,2019/07/09 20:09:31,1.05
,2019/07/09 20:09:31,1.05
,2019/07/09 20:09:31,1.05
,2019/07/09 20:09:31,1.05
,2019/07/09 20:09:31,1.05
,2019/07/09 20:09:31,1.05
,2019/07/09 20:09:31,1.06
,2019/07/09 20:09:31,1.06
,2019/07/09 20:09:32,1.08
,2019/07/09 20:09:32,1.10
,2019/07/09 20:09:32,1.11
,2019/07/09 20:09:32,1.12
,2019/07/09 20:09:32,1.13
,2019/07/09 20:09:32,1.12
,2019/07/09 20:09:32,1.13
,2019/07/09 20:09:32,1.13
,2019/07/09 20:09:32,1.13
,2019/07/09 20:09:32,1.13
,2019/07/09 20:09:33,1.13
,2019/07/09 20:09:33,1.13
,2019/07/09 20:09:33,1.14
,2019/07/09 20:09:33,1.14
,2019/07/09 20:09:33,1.14
,2019/07/09 20:09:33,1.14
,2019/07/09 20:09:33,1.12
,2019/07/09 20:09:33,1.11
,2019/07/09 20:09:33,1.10
,2019/07/09 20:09:33,1.10
,2019/07/09 20:09:34,1.10
,2019/07/09 20:09:34,1.11
,2019/07/09 20:09:34,1.13
,2019/07/09 20:09:34,1.13
,2019/07/09 20:09:34,1.13
,2019/07/09 20:09:34,1.14
,2019/07/09 20:09:34,1.14
,2019/07/09 20:09:34,1.15
,2019/07/09 20:09:34,1.15
,2019/07/09 20:09:34,1.15
,2019/07/09 20:09:35,1.16
,2019/07/09 20:09:35,1.16
,2019/07/09 20:09:35,1.16
,2019/07/09 20:09:35,1.16
,2019/07/09 20:09:35,1.17
,2019/07/09 20:09:35,1.17
,2019/07/09 20:09:35,1.17
,2019/07/09 20:09:35,1.16
,2019/07/09 20:09:35,1.16
,2019/07/09 20:09:35,1.14
,2019/07/09 20:09:35,1.16
,2019/07/09 20:09:36,1.19
,2019/07/09 20:09:36,1.21
,2019/07/09 20:09:36,1.23
,2019/07/09 20:09:36,1.25
,2019/07/09 20:09:36,1.27
,2019/07/09 20:09:36,1.29
,2019/07/09 20:09:36,1.31
,2019/07/09 20:09:36,1.33
,2019/07/09 20:09:36,1.35
,2019/07/09 20:09:36,1.37
,2019/07/09 20:09:37,1.39
,2019/07/09 20:09:37,1.39
,2019/07/09 20:09:37,1.38
,2019/07/09 20:09:37,1.38
,2019/07/09 20:09:37,1.39
,2019/07/09 20:09:37,1.37
,2019/07/09 20:09:37,1.34
,2019/07/09 20:09:37,1.32
,2019/07/09 20:09:37,1.29
,2019/07/09 20:09:37,1.27
,2019/07/09 20:09:38,1.25
,2019/07/09 20:09:38,1.22
,2019/07/09 20:09:38,1.20
,2019/07/09 20:09:38,1.18
,2019/07/09 20:09:38,1.15
,2019/07/09 20:09:38,1.13
,2019/07/09 20:09:38,1.10
,2019/07/09 20:09:38,1.10
,2019/07/09 20:09:38,1.10
,2019/07/09 20:09:38,1.10
,2019/07/09 20:09:39,1.10
,2019/07/09 20:09:39,1.10
,2019/07/09 20:09:39,1.10
,2019/07/09 20:09:39,1.10
,2019/07/09 20:09:39,1.10
,2019/07/09 20:09:39,1.10
,2019/07/09 20:09:39,1.10
,2019/07/09 20:09:39,1.10
,2019/07/09 20:09:39,1.10
,2019/07/09 20:09:39,1.10
,2019/07/09 20:09:40,1.10
,2019/07/09 20:09:40,1.10
,2019/07/09 20:09:40,1.11
,2019/07/09 20:09:40,1.11
,2019/07/09 20:09:40,1.11
,2019/07/09 20:09:40,1.10
,2019/07/09 20:09:40,1.10
,2019/07/09 20:09:40,1.10
,2019/07/09 20:09:40,1.10
,2019/07/09 20:09:40,1.11
,2019/07/09 20:09:41,1.11
,2019/07/09 20:09:41,1.11
,2019/07/09 20:09:41,1.11
,2019/07/09 20:09:41,1.13
,2019/07/09 20:09:41,1.15
,2019/07/09 20:09:41,1.17
,2019/07/09 20:09:41,1.19
,2019/07/09 20:09:41,1.21
,2019/07/09 20:09:41,1.23
,2019/07/09 20:09:41,1.26
,2019/07/09 20:09:41,1.28
,2019/07/09 20:09:42,1.31
,2019/07/09 20:09:42,1.34
,2019/07/09 20:09:42,1.36
,2019/07/09 20:09:42,1.38
,2019/07/09 20:09:42,1.40
,2019/07/09 20:09:42,1.42
,2019/07/09 20:09:42,1.42
,2019/07/09 20:09:42,1.43
,2019/07/09 20:09:42,1.43
,2019/07/09 20:09:42,1.42
,2019/07/09 20:09:43,1.41
,2019/07/09 20:09:43,1.40
,2019/07/09 20:09:43,1.39
,2019/07/09 20:09:43,1.38
,2019/07/09 20:09:43,1.36
,2019/07/09 20:09:43,1.33
,2019/07/09 20:09:43,1.31
,2019/07/09 20:09:43,1.28
,2019/07/09 20:09:43,1.25
,2019/07/09 20:09:43,1.23
,2019/07/09 20:09:44,1.20
,2019/07/09 20:09:44,1.18
,2019/07/09 20:09:44,1.16
,2019/07/09 20:09:44,1.15
,2019/07/09 20:09:44,1.14
,2019/07/09 20:09:44,1.12
,2019/07/09 20:09:44,1.11
,2019/07/09 20:09:44,1.09
,2019/07/09 20:09:44,1.08
,2019/07/09 20:09:44,1.07
,2019/07/09 20:09:45,1.07
,2019/07/09 20:09:45,1.07
,2019/07/09 20:09:45,1.07
,2019/07/09 20:09:45,1.07
,2019/07/09 20:09:45,1.07
,2019/07/09 20:09:45,1.08
,2019/07/09 20:09:45,1.08
,2019/07/09 20:09:45,1.08
,2019/07/09 20:09:45,1.08
,2019/07/09 20:09:45,1.08
,2019/07/09 20:09:46,1.09
,2019/07/09 20:09:46,1.09
,2019/07/09 20:09:46,1.09
,2019/07/09 20:09:46,1.09
,2019/07/09 20:09:46,1.08
,2019/07/09 20:09:46,1.08
,2019/07/09 20:09:46,1.08
,2019/07/09 20:09:46,1.08
,2019/07/09 20:09:46,1.08
,2019/07/09 20:09:46,1.08
,2019/07/09 20:09:46,1.08
,2019/07/09 20:09:47,1.08
,2019/07/09 20:09:47,1.08
,2019/07/09 20:09:47,1.08
,2019/07/09 20:09:47,1.08
,2019/07/09 20:09:47,1.08
,2019/07/09 20:09:47,1.08
,2019/07/09 20:09:47,1.08
,2019/07/09 20:09:47,1.07
,2019/07/09 20:09:47,1.08
,2019/07/09 20:09:47,1.08
,2019/07/09 20:09:48,1.08
,2019/07/09 20:09:48,1.08
,2019/07/09 20:09:48,1.08
,2019/07/09 20:09:48,1.07
,2019/07/09 20:09:48,1.07
,2019/07/09 20:09:48,1.07
,2019/07/09 20:09:48,1.07
,2019/07/09 20:09:48,1.07
,2019/07/09 20:09:48,1.07
,2019/07/09 20:09:48,1.06
,2019/07/09 20:09:49,1.06
,2019/07/09 20:09:49,1.06
,2019/07/09 20:09:49,1.06
,2019/07/09 20:09:49,1.07
,2019/07/09 20:09:49,1.07
,2019/07/09 20:09:49,1.07
,2019/07/09 20:09:49,1.06
,2019/07/09 20:09:49,1.06
,2019/07/09 20:09:49,1.06
,2019/07/09 20:09:49,1.06
,2019/07/09 20:09:50,1.05
,2019/07/09 20:09:50,1.05
,2019/07/09 20:09:50,1.05
,2019/07/09 20:09:50,1.04
,2019/07/09 20:09:50,1.04
,2019/07/09 20:09:50,1.03
,2019/07/09 20:09:50,1.03
,2019/07/09 20:09:50,1.03
,2019/07/09 20:09:50,1.02
,2019/07/09 20:09:50,1.02
,2019/07/09 20:09:51,1.01
,2019/07/09 20:09:51,1.01
,2019/07/09 20:09:51,1.00
,2019/07/09 20:09:51,1.00
,2019/07/09 20:09:51,1.01
,2019/07/09 20:09:51,1.01
,2019/07/09 20:09:51,1.02
,2019/07/09 20:09:51,1.02
,2019/07/09 20:09:51,1.03
,2019/07/09 20:09:51,1.03
,2019/07/09 20:09:51,1.04
,2019/07/09 20:09:52,1.05
,2019/07/09 20:09:52,1.05
,2019/07/09 20:09:52,1.06
,2019/07/09 20:09:52,1.06
,2019/07/09 20:09:52,1.07
,2019/07/09 20:09:52,1.08
,2019/07/09 20:09:52,1.08
,2019/07/09 20:09:52,1.09
,2019/07/09 20:09:52,1.09
,2019/07/09 20:09:52,1.09
,2019/07/09 20:09:53,1.09
,2019/07/09 20:09:53,1.09
,2019/07/09 20:09:53,1.09
,2019/07/09 20:09:53,1.09
,2019/07/09 20:09:53,1.09
,2019/07/09 20:09:53,1.09
,2019/07/09 20:09:53,1.08
,2019/07/09 20:09:53,1.08
,2019/07/09 20:09:53,1.08
,2019/07/09 20:09:53,1.08
,2019/07/09 20:09:54,1.07
,2019/07/09 20:09:54,1.07
,2019/07/09 20:09:54,1.07
,2019/07/09 20:09:54,1.07
,2019/07/09 20:09:54,1.07
,2019/07/09 20:09:54,1.07
,2019/07/09 20:09:54,1.07
,2019/07/09 20:09:54,1.07
,2019/07/09 20:09:54,1.07
,2019/07/09 20:09:54,1.07
,2019/07/09 20:09:55,1.08
,2019/07/09 20:09:55,1.08
,2019/07/09 20:09:55,1.08
,2019/07/09 20:09:55,1.09
,2019/07/09 20:09:55,1.09
,2019/07/09 20:09:55,1.09
,2019/07/09 20:09:55,1.10
,2019/07/09 20:09:55,1.10
,2019/07/09 20:09:55,1.10
,2019/07/09 20:09:55,1.10
,2019/07/09 20:09:56,1.10
,2019/07/09 20:09:56,1.10
,2019/07/09 20:09:56,1.09
,2019/07/09 20:09:56,1.09
,2019/07/09 20:09:56,1.09
,2019/07/09 20:09:56,1.09
,2019/07/09 20:09:56,1.08
,2019/07/09 20:09:56,1.08
,2019/07/09 20:09:56,1.08
,2019/07/09 20:09:56,1.08
,2019/07/09 20:09:56,1.08
,2019/07/09 20:09:57,1.08
,2019/07/09 20:09:57,1.08
,2019/07/09 20:09:57,1.08
,2019/07/09 20:09:57,1.08
,2019/07/09 20:09:57,1.08
,2019/07/09 20:09:57,1.08
,2019/07/09 20:09:57,1.08
,2019/07/09 20:09:57,1.08
,2019/07/09 20:09:57,1.09
,2019/07/09 20:09:57,1.09
,2019/07/09 20:09:58,1.09
,2019/07/09 20:09:58,1.10
,2019/07/09 20:09:58,1.10
,2019/07/09 20:09:58,1.10
,2019/07/09 20:09:58,1.10
,2019/07/09 20:09:58,1.10
,2019/07/09 20:09:58,1.10
,2019/07/09 20:09:58,1.10
,2019/07/09 20:09:58,1.09
,2019/07/09 20:09:58,1.09
,2019/07/09 20:09:59,1.09
,2019/07/09 20:09:59,1.09
,2019/07/09 20:09:59,1.09
,2019/07/09 20:09:59,1.09
,2019/07/09 20:09:59,1.09
,2019/07/09 20:09:59,1.09
,2019/07/09 20:09:59,1.09
,2019/07/09 20:09:59,1.09
,2019/07/09 20:09:59,1.09
,2019/07/09 20:09:59,1.09
,2019/07/09 20:10:00,1.09
,2019/07/09 20:10:00,1.09
,2019/07/09 20:10:00,1.09
,2019/07/09 20:10:00,1.09
,2019/07/09 20:10:00,1.09
,2019/07/09 20:10:00,1.09
,2019/07/09 20:10:00,1.09
,2019/07/09 20:10:00,1.10
,2019/07/09 20:10:00,1.10
,2019/07/09 20:10:00,1.10
,2019/07/09 20:10:01,1.09
,2019/07/09 20:10:01,1.08
,2019/07/09 20:10:01,1.07
,2019/07/09 20:10:01,1.06
,2019/07/09 20:10:01,1.05
,2019/07/09 20:10:01,1.05
,2019/07/09 20:10:01,1.04
,2019/07/09 20:10:01,1.03
,2019/07/09 20:10:01,1.02
,2019/07/09 20:10:01,1.01
,2019/07/09 20:10:01,1.00
,2019/07/09 20:10:02,0.99
,2019/07/09 20:10:02,0.98
,2019/07/09 20:10:02,0.97
,2019/07/09 20:10:02,0.96
,2019/07/09 20:10:02,0.96
,2019/07/09 20:10:02,0.96
,2019/07/09 20:10:02,0.96
,2019/07/09 20:10:02,0.97
,2019/07/09 20:10:02,0.98
,2019/07/09 20:10:02,0.98
,2019/07/09 20:10:03,0.99
,2019/07/09 20:10:03,1.00
,2019/07/09 20:10:03,1.01
,2019/07/09 20:10:03,1.02
,2019/07/09 20:10:03,1.02
,2019/07/09 20:10:03,1.04
,2019/07/09 20:10:03,1.05
,2019/07/09 20:10:03,1.06
,2019/07/09 20:10:03,1.08
,2019/07/09 20:10:03,1.09
,2019/07/09 20:10:04,1.10
,2019/07/09 20:10:04,1.11
,2019/07/09 20:10:04,1.11
,2019/07/09 20:10:04,1.11
,2019/07/09 20:10:04,1.11
,2019/07/09 20:10:04,1.11
,2019/07/09 20:10:04,1.11
,2019/07/09 20:10:04,1.10
,2019/07/09 20:10:04,1.10
,2019/07/09 20:10:04,1.09
,2019/07/09 20:10:05,1.09
,2019/07/09 20:10:05,1.08
,2019/07/09 20:10:05,1.07
,2019/07/09 20:10:05,1.06
,2019/07/09 20:10:05,1.06
,2019/07/09 20:10:05,1.05
,2019/07/09 20:10:05,1.04
,2019/07/09 20:10:05,1.03
,2019/07/09 20:10:05,1.02
,2019/07/09 20:10:05,1.02
,2019/07/09 20:10:06,1.01
,2019/07/09 20:10:06,1.01
,2019/07/09 20:10:06,1.02
,2019/07/09 20:10:06,1.02
,2019/07/09 20:10:06,1.02
,2019/07/09 20:10:06,1.02
,2019/07/09 20:10:06,1.02
,2019/07/09 20:10:06,1.03
,2019/07/09 20:10:06,1.03
,2019/07/09 20:10:06,1.04
,2019/07/09 20:10:06,1.04
,2019/07/09 20:10:07,1.04
,2019/07/09 20:10:07,1.04
,2019/07/09 20:10:07,1.04
,2019/07/09 20:10:07,1.05
,2019/07/09 20:10:07,1.05
,2019/07/09 20:10:07,1.05
,2019/07/09 20:10:07,1.05
,2019/07/09 20:10:07,1.05
,2019/07/09 20:10:07,1.05
,2019/07/09 20:10:07,1.05
,2019/07/09 20:10:08,1.05
,2019/07/09 20:10:08,1.05
,2019/07/09 20:10:08,1.05
,2019/07/09 20:10:08,1.05
,2019/07/09 20:10:08,1.05
,2019/07/09 20:10:08,1.05
,2019/07/09 20:10:08,1.05
,2019/07/09 20:10:08,1.05
,2019/07/09 20:10:08,1.05
,2019/07/09 20:10:08,1.05
,2019/07/09 20:10:09,1.06
,2019/07/09 20:10:09,1.06
,2019/07/09 20:10:09,1.06
,2019/07/09 20:10:09,1.06
,2019/07/09 20:10:09,1.06
,2019/07/09 20:10:09,1.06
,2019/07/09 20:10:09,1.06
,2019/07/09 20:10:09,1.06
,2019/07/09 20:10:09,1.06
,2019/07/09 20:10:09,1.07
,2019/07/09 20:10:10,1.07
,2019/07/09 20:10:10,1.07
,2019/07/09 20:10:10,1.07
,2019/07/09 20:10:10,1.07
,2019/07/09 20:10:10,1.07
,2019/07/09 20:10:10,1.07
,2019/07/09 20:10:10,1.07
,2019/07/09 20:10:10,1.07
,2019/07/09 20:10:10,1.08
,2019/07/09 20:10:10,1.08
,2019/07/09 20:10:11,1.08
,2019/07/09 20:10:11,1.09
,2019/07/09 20:10:11,1.09
,2019/07/09 20:10:11,1.09
,2019/07/09 20:10:11,1.09
,2019/07/09 20:10:11,1.09
,2019/07/09 20:10:11,1.09
,2019/07/09 20:10:11,1.10
,2019/07/09 20:10:11,1.10
,2019/07/09 20:10:11,1.10
,2019/07/09 20:10:12,1.10
,2019/07/09 20:10:12,1.10
,2019/07/09 20:10:12,1.10
,2019/07/09 20:10:12,1.10
,2019/07/09 20:10:12,1.09
,2019/07/09 20:10:12,1.09
,2019/07/09 20:10:12,1.08
,2019/07/09 20:10:12,1.08
,2019/07/09 20:10:12,1.08
,2019/07/09 20:10:12,1.08
,2019/07/09 20:10:12,1.08
,2019/07/09 20:10:13,1.08
,2019/07/09 20:10:13,1.08
,2019/07/09 20:10:13,1.08
,2019/07/09 20:10:13,1.07
,2019/07/09 20:10:13,1.07
,2019/07/09 20:10:13,1.07
,2019/07/09 20:10:13,1.07
,2019/07/09 20:10:13,1.07
,2019/07/09 20:10:13,1.07
,2019/07/09 20:10:13,1.07
,2019/07/09 20:10:14,1.07
,2019/07/09 20:10:14,1.08
,2019/07/09 20:10:14,1.08
,2019/07/09 20:10:14,1.08
,2019/07/09 20:10:14,1.08
,2019/07/09 20:10:14,1.08
,2019/07/09 20:10:14,1.08
,2019/07/09 20:10:14,1.08
,2019/07/09 20:10:14,1.08
,2019/07/09 20:10:14,1.08
,2019/07/09 20:10:15,1.08
,2019/07/09 20:10:15,1.08
,2019/07/09 20:10:15,1.08
,2019/07/09 20:10:15,1.08
,2019/07/09 20:10:15,1.07
,2019/07/09 20:10:15,1.07
,2019/07/09 20:10:15,1.07
,2019/07/09 20:10:15,1.06
,2019/07/09 20:10:15,1.06
,2019/07/09 20:10:15,1.06
,2019/07/09 20:10:16,1.05
,2019/07/09 20:10:16,1.05
,2019/07/09 20:10:16,1.05
,2019/07/09 20:10:16,1.05
,2019/07/09 20:10:16,1.05
,2019/07/09 20:10:16,1.05
,2019/07/09 20:10:16,1.05
,2019/07/09 20:10:16,1.05
,2019/07/09 20:10:16,1.06
,2019/07/09 20:10:16,1.06
,2019/07/09 20:10:17,1.06
,2019/07/09 20:10:17,1.06
,2019/07/09 20:10:17,1.07
,2019/07/09 20:10:17,1.07
,2019/07/09 20:10:17,1.07
,2019/07/09 20:10:17,1.07
,2019/07/09 20:10:17,1.07
,2019/07/09 20:10:17,1.07
,2019/07/09 20:10:17,1.08
,2019/07/09 20:10:17,1.08
,2019/07/09 20:10:17,1.08
,2019/07/09 20:10:18,1.08
,2019/07/09 20:10:18,1.07
,2019/07/09 20:10:18,1.07
,2019/07/09 20:10:18,1.06
,2019/07/09 20:10:18,1.06
,2019/07/09 20:10:18,1.05
,2019/07/09 20:10:18,1.05
,2019/07/09 20:10:18,1.04
,2019/07/09 20:10:18,1.03
,2019/07/09 20:10:18,1.03
,2019/07/09 20:10:19,1.03
,2019/07/09 20:10:19,1.03
,2019/07/09 20:10:19,1.02
,2019/07/09 20:10:19,1.02
,2019/07/09 20:10:19,1.02
,2019/07/09 20:10:19,1.01
,2019/07/09 20:10:19,1.01
,2019/07/09 20:10:19,1.01
,2019/07/09 20:10:19,1.01
,2019/07/09 20:10:19,1.01
,2019/07/09 20:10:20,1.01
,2019/07/09 20:10:20,1.02
,2019/07/09 20:10:20,1.03
,2019/07/09 20:10:20,1.03
,2019/07/09 20:10:20,1.03
,2019/07/09 20:10:20,1.03
,2019/07/09 20:10:20,1.03
,2019/07/09 20:10:20,1.03
,2019/07/09 20:10:20,1.03
,2019/07/09 20:10:20,1.04
,2019/07/09 20:10:21,1.04
,2019/07/09 20:10:21,1.04
,2019/07/09 20:10:21,1.04
,2019/07/09 20:10:21,1.04
,2019/07/09 20:10:21,1.05
,2019/07/09 20:10:21,1.05
,2019/07/09 20:10:21,1.05
,2019/07/09 20:10:21,1.05
,2019/07/09 20:10:21,1.05
,2019/07/09 20:10:21,1.05
,2019/07/09 20:10:22,1.05
,2019/07/09 20:10:22,1.05
,2019/07/09 20:10:22,1.06
,2019/07/09 20:10:22,1.06
,2019/07/09 20:10:22,1.06
,2019/07/09 20:10:22,1.06
,2019/07/09 20:10:22,1.07
,2019/07/09 20:10:22,1.07
,2019/07/09 20:10:22,1.07
,2019/07/09 20:10:22,1.07
,2019/07/09 20:10:22,1.08
,2019/07/09 20:10:23,1.07
,2019/07/09 20:10:23,1.07
,2019/07/09 20:10:23,1.07
,2019/07/09 20:10:23,1.07
,2019/07/09 20:10:23,1.06
,2019/07/09 20:10:23,1.06
,2019/07/09 20:10:23,1.06
,2019/07/09 20:10:23,1.06
,2019/07/09 20:10:23,1.06
,2019/07/09 20:10:23,1.06
,2019/07/09 20:10:24,1.05
,2019/07/09 20:10:24,1.05
,2019/07/09 20:10:24,1.05
,2019/07/09 20:10:24,1.05
,2019/07/09 20:10:24,1.05
,2019/07/09 20:10:24,1.05
,2019/07/09 20:10:24,1.06
,2019/07/09 20:10:24,1.06
,2019/07/09 20:10:24,1.06
,2019/07/09 20:10:24,1.07
,2019/07/09 20:10:25,1.07
,2019/07/09 20:10:25,1.08
,2019/07/09 20:10:25,1.08
,2019/07/09 20:10:25,1.08
,2019/07/09 20:10:25,1.09
,2019/07/09 20:10:25,1.09
,2019/07/09 20:10:25,1.09
,2019/07/09 20:10:25,1.09
,2019/07/09 20:10:25,1.10
,2019/07/09 20:10:25,1.10
,2019/07/09 20:10:26,1.10
,2019/07/09 20:10:26,1.09
,2019/07/09 20:10:26,1.09
,2019/07/09 20:10:26,1.10
,2019/07/09 20:10:26,1.10
,2019/07/09 20:10:26,1.10
,2019/07/09 20:10:26,1.10
,2019/07/09 20:10:26,1.10
,2019/07/09 20:10:26,1.10
,2019/07/09 20:10:26,1.10
,2019/07/09 20:10:27,1.10
,2019/07/09 20:10:27,1.10
,2019/07/09 20:10:27,1.10
,2019/07/09 20:10:27,1.10
,2019/07/09 20:10:27,1.10
,2019/07/09 20:10:27,1.10
,2019/07/09 20:10:27,1.10
,2019/07/09 20:10:27,1.10
,2019/07/09 20:10:27,1.10
,2019/07/09 20:10:27,1.10
,2019/07/09 20:10:27,1.10
,2019/07/09 20:10:28,1.10
,2019/07/09 20:10:28,1.10
,2019/07/09 20:10:28,1.09
,2019/07/09 20:10:28,1.09
,2019/07/09 20:10:28,1.09
,2019/07/09 20:10:28,1.09
,2019/07/09 20:10:28,1.09
,2019/07/09 20:10:28,1.09
,2019/07/09 20:10:28,1.09
,2019/07/09 20:10:28,1.09
,2019/07/09 20:10:29,1.09
,2019/07/09 20:10:29,1.09
,2019/07/09 20:10:29,1.09
,2019/07/09 20:10:29,1.09
,2019/07/09 20:10:29,1.09
,2019/07/09 20:10:29,1.09
,2019/07/09 20:10:29,1.09
,2019/07/09 20:10:29,1.09
,2019/07/09 20:10:29,1.09
,2019/07/09 20:10:29,1.09
,2019/07/09 20:10:30,1.09
,2019/07/09 20:10:30,1.08
,2019/07/09 20:10:30,1.08
,2019/07/09 20:10:30,1.08
,2019/07/09 20:10:30,1.08
,2019/07/09 20:10:30,1.08
,2019/07/09 20:10:30,1.08
,2019/07/09 20:10:30,1.07
,2019/07/09 20:10:30,1.07
,2019/07/09 20:10:30,1.07
,2019/07/09 20:10:31,1.06
,2019/07/09 20:10:31,1.06
,2019/07/09 20:10:31,1.06
,2019/07/09 20:10:31,1.06
,2019/07/09 20:10:31,1.07
,2019/07/09 20:10:31,1.07
,2019/07/09 20:10:31,1.07
,2019/07/09 20:10:31,1.08
,2019/07/09 20:10:31,1.08
,2019/07/09 20:10:31,1.08
,2019/07/09 20:10:32,1.09
,2019/07/09 20:10:32,1.09
,2019/07/09 20:10:32,1.09
,2019/07/09 20:10:32,1.09
,2019/07/09 20:10:32,1.09
,2019/07/09 20:10:32,1.09
,2019/07/09 20:10:32,1.09
,2019/07/09 20:10:32,1.09
,2019/07/09 20:10:32,1.09
,2019/07/09 20:10:32,1.09
,2019/07/09 20:10:32,1.09
,2019/07/09 20:10:33,1.08
,2019/07/09 20:10:33,1.07
,2019/07/09 20:10:33,1.07
,2019/07/09 20:10:33,1.06
,2019/07/09 20:10:33,1.06
,2019/07/09 20:10:33,1.05
,2019/07/09 20:10:33,1.05
,2019/07/09 20:10:33,1.04
,2019/07/09 20:10:33,1.04
,2019/07/09 20:10:33,1.04
,2019/07/09 20:10:34,1.04
,2019/07/09 20:10:34,1.04
,2019/07/09 20:10:34,1.04
,2019/07/09 20:10:34,1.04
,2019/07/09 20:10:34,1.04
,2019/07/09 20:10:34,1.04
,2019/07/09 20:10:34,1.03
,2019/07/09 20:10:34,1.03
,2019/07/09 20:10:34,1.04
,2019/07/09 20:10:34,1.03
,2019/07/09 20:10:35,1.03
,2019/07/09 20:10:35,1.03
,2019/07/09 20:10:35,1.02
,2019/07/09 20:10:35,1.02
,2019/07/09 20:10:35,1.02
,2019/07/09 20:10:35,1.01
,2019/07/09 20:10:35,1.00
,2019/07/09 20:10:35,1.00
,2019/07/09 20:10:35,0.99
,2019/07/09 20:10:35,0.98
,2019/07/09 20:10:36,0.98
,2019/07/09 20:10:36,0.97
,2019/07/09 20:10:36,0.97
,2019/07/09 20:10:36,0.97
,2019/07/09 20:10:36,0.97
,2019/07/09 20:10:36,0.96
,2019/07/09 20:10:36,0.96
,2019/07/09 20:10:36,0.97
,2019/07/09 20:10:36,0.97
,2019/07/09 20:10:36,0.97
,2019/07/09 20:10:37,0.98
,2019/07/09 20:10:37,0.98
,2019/07/09 20:10:37,0.98
,2019/07/09 20:10:37,0.98
,2019/07/09 20:10:37,0.99
,2019/07/09 20:10:37,0.99
,2019/07/09 20:10:37,0.99
,2019/07/09 20:10:37,0.99
,2019/07/09 20:10:37,1.00
,2019/07/09 20:10:37,1.00
,2019/07/09 20:10:37,1.00
,2019/07/09 20:10:38,1.01
,2019/07/09 20:10:38,1.01
,2019/07/09 20:10:38,1.02
,2019/07/09 20:10:38,1.02
,2019/07/09 20:10:38,1.02
,2019/07/09 20:10:38,1.02
,2019/07/09 20:10:38,1.02
,2019/07/09 20:10:38,1.03
,2019/07/09 20:10:38,1.03
,2019/07/09 20:10:38,1.03
,2019/07/09 20:10:39,1.04
,2019/07/09 20:10:39,1.04
,2019/07/09 20:10:39,1.04
,2019/07/09 20:10:39,1.03
,2019/07/09 20:10:39,1.03
,2019/07/09 20:10:39,1.03
,2019/07/09 20:10:39,1.02
,2019/07/09 20:10:39,1.02
,2019/07/09 20:10:39,1.01
,2019/07/09 20:10:39,1.00
,2019/07/09 20:10:40,0.99
,2019/07/09 20:10:40,0.98
,2019/07/09 20:10:40,0.97
,2019/07/09 20:10:40,0.95
,2019/07/09 20:10:40,0.95
,2019/07/09 20:10:40,0.94
,2019/07/09 20:10:40,0.93
,2019/07/09 20:10:40,0.92
,2019/07/09 20:10:40,0.92
,2019/07/09 20:10:40,0.91
,2019/07/09 20:10:41,0.90
,2019/07/09 20:10:41,0.90
,2019/07/09 20:10:41,0.89
,2019/07/09 20:10:41,0.89
,2019/07/09 20:10:41,0.90
,2019/07/09 20:10:41,0.90
,2019/07/09 20:10:41,0.91
,2019/07/09 20:10:41,0.92
,2019/07/09 20:10:41,0.93
,2019/07/09 20:10:41,0.95
,2019/07/09 20:10:42,0.95
,2019/07/09 20:10:42,0.96
,2019/07/09 20:10:42,0.96
,2019/07/09 20:10:42,0.96
,2019/07/09 20:10:42,0.97
,2019/07/09 20:10:42,0.98
,2019/07/09 20:10:42,0.99
,2019/07/09 20:10:42,1.01
,2019/07/09 20:10:42,1.02
,2019/07/09 20:10:42,1.04
,2019/07/09 20:10:42,1.05
,2019/07/09 20:10:43,1.06
,2019/07/09 20:10:43,1.06
,2019/07/09 20:10:43,1.07
,2019/07/09 20:10:43,1.08
,2019/07/09 20:10:43,1.08
,2019/07/09 20:10:43,1.09
,2019/07/09 20:10:43,1.10
,2019/07/09 20:10:43,1.11
,2019/07/09 20:10:43,1.12
,2019/07/09 20:10:43,1.13
,2019/07/09 20:10:44,1.14
,2019/07/09 20:10:44,1.13
,2019/07/09 20:10:44,1.13
,2019/07/09 20:10:44,1.12
,2019/07/09 20:10:44,1.12
,2019/07/09 20:10:44,1.11
,2019/07/09 20:10:44,1.10
,2019/07/09 20:10:44,1.09
,2019/07/09 20:10:44,1.08
,2019/07/09 20:10:44,1.07
,2019/07/09 20:10:45,1.06
,2019/07/09 20:10:45,1.05
,2019/07/09 20:10:45,1.04
,2019/07/09 20:10:45,1.03
,2019/07/09 20:10:45,1.03
,2019/07/09 20:10:45,1.03
,2019/07/09 20:10:45,1.02
,2019/07/09 20:10:45,1.02
,2019/07/09 20:10:45,1.02
,2019/07/09 20:10:45,1.03
,2019/07/09 20:10:46,1.03
,2019/07/09 20:10:46,1.04
,2019/07/09 20:10:46,1.04
,2019/07/09 20:10:46,1.05
,2019/07/09 20:10:46,1.05
,2019/07/09 20:10:46,1.06
,2019/07/09 20:10:46,1.06
,2019/07/09 20:10:46,1.07
,2019/07/09 20:10:46,1.08
,2019/07/09 20:10:46,1.09
,2019/07/09 20:10:47,1.10
,2019/07/09 20:10:47,1.11
,2019/07/09 20:10:47,1.12
,2019/07/09 20:10:47,1.12
,2019/07/09 20:10:47,1.13
,2019/07/09 20:10:47,1.14
,2019/07/09 20:10:47,1.15
,2019/07/09 20:10:47,1.15
,2019/07/09 20:10:47,1.17
,2019/07/09 20:10:47,1.18
,2019/07/09 20:10:48,1.19
,2019/07/09 20:10:48,1.21
,2019/07/09 20:10:48,1.22
,2019/07/09 20:10:48,1.24
,2019/07/09 20:10:48,1.24
,2019/07/09 20:10:48,1.26
,2019/07/09 20:10:48,1.27
,2019/07/09 20:10:48,1.29
,2019/07/09 20:10:48,1.30
,2019/07/09 20:10:48,1.31
,2019/07/09 20:10:48,1.32
,2019/07/09 20:10:49,1.33
,2019/07/09 20:10:49,1.33
,2019/07/09 20:10:49,1.34
,2019/07/09 20:10:49,1.34
,2019/07/09 20:10:49,1.34
,2019/07/09 20:10:49,1.34
,2019/07/09 20:10:49,1.34
,2019/07/09 20:10:49,1.33
,2019/07/09 20:10:49,1.33
,2019/07/09 20:10:49,1.33
,2019/07/09 20:10:50,1.31
,2019/07/09 20:10:50,1.30
,2019/07/09 20:10:50,1.29
,2019/07/09 20:10:50,1.29
,2019/07/09 20:10:50,1.29
,2019/07/09 20:10:50,1.28
,2019/07/09 20:10:50,1.28
,2019/07/09 20:10:50,1.27
,2019/07/09 20:10:50,1.27
,2019/07/09 20:10:50,1.27
,2019/07/09 20:10:51,1.27
,2019/07/09 20:10:51,1.26
,2019/07/09 20:10:51,1.26
,2019/07/09 20:10:51,1.25
,2019/07/09 20:10:51,1.23
,2019/07/09 20:10:51,1.22
,2019/07/09 20:10:51,1.21
,2019/07/09 20:10:51,1.19
,2019/07/09 20:10:51,1.18
,2019/07/09 20:10:51,1.16
,2019/07/09 20:10:52,1.14
,2019/07/09 20:10:52,1.13
,2019/07/09 20:10:52,1.11
,2019/07/09 20:10:52,1.10
,2019/07/09 20:10:52,1.09
,2019/07/09 20:10:52,1.07
,2019/07/09 20:10:52,1.06
,2019/07/09 20:10:52,1.05
,2019/07/09 20:10:52,1.04
,2019/07/09 20:10:52,1.04
,2019/07/09 20:10:53,1.03
,2019/07/09 20:10:53,1.04
,2019/07/09 20:10:53,1.04
,2019/07/09 20:10:53,1.04
,2019/07/09 20:10:53,1.04
,2019/07/09 20:10:53,1.04
,2019/07/09 20:10:53,1.05
,2019/07/09 20:10:53,1.05
,2019/07/09 20:10:53,1.05
,2019/07/09 20:10:53,1.05
,2019/07/09 20:10:53,1.05
,2019/07/09 20:10:54,1.05
,2019/07/09 20:10:54,1.05
,2019/07/09 20:10:54,1.05
,2019/07/09 20:10:54,1.05
,2019/07/09 20:10:54,1.05
,2019/07/09 20:10:54,1.04
,2019/07/09 20:10:54,1.04
,2019/07/09 20:10:54,1.04
,2019/07/09 20:10:54,1.04
,2019/07/09 20:10:54,1.04
,2019/07/09 20:10:55,1.03
,2019/07/09 20:10:55,1.03
,2019/07/09 20:10:55,1.03
,2019/07/09 20:10:55,1.03
,2019/07/09 20:10:55,1.03
,2019/07/09 20:10:55,1.03
,2019/07/09 20:10:55,1.03
,2019/07/09 20:10:55,1.03
,2019/07/09 20:10:55,1.02
,2019/07/09 20:10:55,1.02
,2019/07/09 20:10:56,1.03
,2019/07/09 20:10:56,1.03
,2019/07/09 20:10:56,1.03
,2019/07/09 20:10:56,1.03
,2019/07/09 20:10:56,1.03
,2019/07/09 20:10:56,1.03
,2019/07/09 20:10:56,1.03
,2019/07/09 20:10:56,1.03
,2019/07/09 20:10:56,1.03
,2019/07/09 20:10:56,1.03
,2019/07/09 20:10:57,1.03
,2019/07/09 20:10:57,1.03
,2019/07/09 20:10:57,1.03
,2019/07/09 20:10:57,1.03
,2019/07/09 20:10:57,1.03
,2019/07/09 20:10:57,1.03
,2019/07/09 20:10:57,1.03
,2019/07/09 20:10:57,1.04
,2019/07/09 20:10:57,1.04
,2019/07/09 20:10:57,1.04
,2019/07/09 20:10:58,1.05
,2019/07/09 20:10:58,1.06
,2019/07/09 20:10:58,1.06
,2019/07/09 20:10:58,1.06
,2019/07/09 20:10:58,1.07
,2019/07/09 20:10:58,1.07
,2019/07/09 20:10:58,1.07
,2019/07/09 20:10:58,1.08
,2019/07/09 20:10:58,1.08
,2019/07/09 20:10:58,1.08
,2019/07/09 20:10:58,1.08
,2019/07/09 20:10:59,1.09
,2019/07/09 20:10:59,1.09
,2019/07/09 20:10:59,1.09
,2019/07/09 20:10:59,1.09
,2019/07/09 20:10:59,1.09
,2019/07/09 20:10:59,1.11
,2019/07/09 20:10:59,1.12
,2019/07/09 20:10:59,1.12
,2019/07/09 20:10:59,1.12
,2019/07/09 20:10:59,1.12
,2019/07/09 20:11:00,1.12
,2019/07/09 20:11:00,1.13
,2019/07/09 20:11:00,1.13
,2019/07/09 20:11:00,1.13
,2019/07/09 20:11:00,1.13
,2019/07/09 20:11:00,1.13
,2019/07/09 20:11:00,1.12
,2019/07/09 20:11:00,1.12
,2019/07/09 20:11:00,1.12
,2019/07/09 20:11:00,1.12
,2019/07/09 20:11:01,1.11
,2019/07/09 20:11:01,1.09
,2019/07/09 20:11:01,1.07
,2019/07/09 20:11:01,1.07
,2019/07/09 20:11:01,1.07
,2019/07/09 20:11:01,1.07
,2019/07/09 20:11:01,1.07
,2019/07/09 20:11:01,1.06
,2019/07/09 20:11:01,1.06
,2019/07/09 20:11:01,1.06
,2019/07/09 20:11:02,1.05
,2019/07/09 20:11:02,1.05
,2019/07/09 20:11:02,1.05
,2019/07/09 20:11:02,1.05
,2019/07/09 20:11:02,1.04
,2019/07/09 20:11:02,1.04
,2019/07/09 20:11:02,1.04
,2019/07/09 20:11:02,1.04
,2019/07/09 20:11:02,1.04
,2019/07/09 20:11:02,1.04
,2019/07/09 20:11:03,1.04
,2019/07/09 20:11:03,1.04
,2019/07/09 20:11:03,1.03
,2019/07/09 20:11:03,1.03
,2019/07/09 20:11:03,1.03
,2019/07/09 20:11:03,1.03
,2019/07/09 20:11:03,1.03
,2019/07/09 20:11:03,1.03
,2019/07/09 20:11:03,1.03
,2019/07/09 20:11:03,1.04
,2019/07/09 20:11:03,1.04
,2019/07/09 20:11:04,1.04
,2019/07/09 20:11:04,1.05
,2019/07/09 20:11:04,1.05
,2019/07/09 20:11:04,1.06
,2019/07/09 20:11:04,1.06
,2019/07/09 20:11:04,1.06
,2019/07/09 20:11:04,1.07
,2019/07/09 20:11:04,1.07
,2019/07/09 20:11:04,1.07
,2019/07/09 20:11:04,1.07
,2019/07/09 20:11:05,1.07
,2019/07/09 20:11:05,1.07
,2019/07/09 20:11:05,1.07
,2019/07/09 20:11:05,1.06
,2019/07/09 20:11:05,1.06
,2019/07/09 20:11:05,1.06
,2019/07/09 20:11:05,1.05
,2019/07/09 20:11:05,1.05
,2019/07/09 20:11:05,1.04
,2019/07/09 20:11:05,1.03
,2019/07/09 20:11:06,1.02
,2019/07/09 20:11:06,1.01
,2019/07/09 20:11:06,1.01
,2019/07/09 20:11:06,1.00
,2019/07/09 20:11:06,1.00
,2019/07/09 20:11:06,1.00
,2019/07/09 20:11:06,0.99
,2019/07/09 20:11:06,0.99
,2019/07/09 20:11:06,0.99
,2019/07/09 20:11:06,0.99
,2019/07/09 20:11:07,0.99
,2019/07/09 20:11:07,0.98
,2019/07/09 20:11:07,0.98
,2019/07/09 20:11:07,0.98
,2019/07/09 20:11:07,0.98
,2019/07/09 20:11:07,0.97
,2019/07/09 20:11:07,0.98
,2019/07/09 20:11:07,0.98
,2019/07/09 20:11:07,0.98
,2019/07/09 20:11:07,0.99
,2019/07/09 20:11:08,0.99
,2019/07/09 20:11:08,0.99
,2019/07/09 20:11:08,0.99
,2019/07/09 20:11:08,0.99
,2019/07/09 20:11:08,1.00
,2019/07/09 20:11:08,1.01
,2019/07/09 20:11:08,1.02
,2019/07/09 20:11:08,1.03
,2019/07/09 20:11:08,1.04
,2019/07/09 20:11:08,1.06
,2019/07/09 20:11:09,1.06
,2019/07/09 20:11:09,1.08
,2019/07/09 20:11:09,1.08
,2019/07/09 20:11:09,1.09
,2019/07/09 20:11:09,1.09
,2019/07/09 20:11:09,1.09
,2019/07/09 20:11:09,1.10
,2019/07/09 20:11:09,1.10
,2019/07/09 20:11:09,1.10
,2019/07/09 20:11:09,1.10
,2019/07/09 20:11:09,1.09
,2019/07/09 20:11:10,1.09
,2019/07/09 20:11:10,1.08
,2019/07/09 20:11:10,1.08
,2019/07/09 20:11:10,1.07
,2019/07/09 20:11:10,1.06
,2019/07/09 20:11:10,1.06
,2019/07/09 20:11:10,1.05
,2019/07/09 20:11:10,1.05
,2019/07/09 20:11:10,1.04
,2019/07/09 20:11:10,1.04
,2019/07/09 20:11:11,1.04
,2019/07/09 20:11:11,1.04
,2019/07/09 20:11:11,1.04
,2019/07/09 20:11:11,1.05
,2019/07/09 20:11:11,1.05
,2019/07/09 20:11:11,1.05
,2019/07/09 20:11:11,1.05
,2019/07/09 20:11:11,1.06
,2019/07/09 20:11:11,1.06
,2019/07/09 20:11:11,1.06
,2019/07/09 20:11:12,1.06
,2019/07/09 20:11:12,1.06
,2019/07/09 20:11:12,1.06
,2019/07/09 20:11:12,1.05
,2019/07/09 20:11:12,1.05
,2019/07/09 20:11:12,1.05
,2019/07/09 20:11:12,1.05
,2019/07/09 20:11:12,1.05
,2019/07/09 20:11:12,1.05
,2019/07/09 20:11:12,1.04
,2019/07/09 20:11:13,1.03
,2019/07/09 20:11:13,1.03
,2019/07/09 20:11:13,1.02
,2019/07/09 20:11:13,1.01
,2019/07/09 20:11:13,1.01
,2019/07/09 20:11:13,1.01
,2019/07/09 20:11:13,1.00
,2019/07/09 20:11:13,1.00
,2019/07/09 20:11:13,1.00
,2019/07/09 20:11:13,0.99
,2019/07/09 20:11:14,1.00
,2019/07/09 20:11:14,1.00
,2019/07/09 20:11:14,1.00
,2019/07/09 20:11:14,0.99
,2019/07/09 20:11:14,1.00
,2019/07/09 20:11:14,1.00
,2019/07/09 20:11:14,1.00
,2019/07/09 20:11:14,1.01
,2019/07/09 20:11:14,1.02
,2019/07/09 20:11:14,1.03
,2019/07/09 20:11:14,1.04
,2019/07/09 20:11:15,1.05
,2019/07/09 20:11:15,1.05
,2019/07/09 20:11:15,1.06
,2019/07/09 20:11:15,1.07
,2019/07/09 20:11:15,1.08
,2019/07/09 20:11:15,1.09
,2019/07/09 20:11:15,1.09
,2019/07/09 20:11:15,1.10
,2019/07/09 20:11:15,1.11
,2019/07/09 20:11:15,1.11
,2019/07/09 20:11:16,1.12
,2019/07/09 20:11:16,1.12
,2019/07/09 20:11:16,1.12
,2019/07/09 20:11:16,1.12
,2019/07/09 20:11:16,1.12
,2019/07/09 20:11:16,1.12
,2019/07/09 20:11:16,1.11
,2019/07/09 20:11:16,1.11
,2019/07/09 20:11:16,1.11
,2019/07/09 20:11:16,1.10
,2019/07/09 20:11:17,1.10
,2019/07/09 20:11:17,1.09
,2019/07/09 20:11:17,1.09
,2019/07/09 20:11:17,1.08
,2019/07/09 20:11:17,1.08
,2019/07/09 20:11:17,1.08
,2019/07/09 20:11:17,1.08
,2019/07/09 20:11:17,1.08
,2019/07/09 20:11:17,1.07
,2019/07/09 20:11:17,1.07
,2019/07/09 20:11:18,1.07
,2019/07/09 20:11:18,1.07
,2019/07/09 20:11:18,1.07
,2019/07/09 20:11:18,1.08
,2019/07/09 20:11:18,1.08
,2019/07/09 20:11:18,1.08
,2019/07/09 20:11:18,1.08
,2019/07/09 20:11:18,1.08
,2019/07/09 20:11:18,1.08
,2019/07/09 20:11:18,1.08
,2019/07/09 20:11:19,1.08
,2019/07/09 20:11:19,1.08
,2019/07/09 20:11:19,1.08
,2019/07/09 20:11:19,1.07
,2019/07/09 20:11:19,1.07
,2019/07/09 20:11:19,1.07
,2019/07/09 20:11:19,1.06
,2019/07/09 20:11:19,1.06
,2019/07/09 20:11:19,1.05
,2019/07/09 20:11:19,1.05
,2019/07/09 20:11:19,1.05
,2019/07/09 20:11:20,1.04
,2019/07/09 20:11:20,1.04
,2019/07/09 20:11:20,1.03
,2019/07/09 20:11:20,1.04
,2019/07/09 20:11:20,1.04
,2019/07/09 20:11:20,1.04
,2019/07/09 20:11:20,1.03
,2019/07/09 20:11:20,1.04
,2019/07/09 20:11:20,1.04
,2019/07/09 20:11:20,1.05
,2019/07/09 20:11:21,1.06
,2019/07/09 20:11:21,1.06
,2019/07/09 20:11:21,1.07
,2019/07/09 20:11:21,1.08
,2019/07/09 20:11:21,1.09
,2019/07/09 20:11:21,1.10
,2019/07/09 20:11:21,1.10
,2019/07/09 20:11:21,1.11
,2019/07/09 20:11:21,1.11
,2019/07/09 20:11:21,1.12
,2019/07/09 20:11:22,1.12
,2019/07/09 20:11:22,1.11
,2019/07/09 20:11:22,1.12
,2019/07/09 20:11:22,1.12
,2019/07/09 20:11:22,1.11
,2019/07/09 20:11:22,1.11
,2019/07/09 20:11:22,1.11
,2019/07/09 20:11:22,1.10
,2019/07/09 20:11:22,1.10
,2019/07/09 20:11:22,1.09
,2019/07/09 20:11:23,1.09
,2019/07/09 20:11:23,1.09
,2019/07/09 20:11:23,1.08
,2019/07/09 20:11:23,1.08
,2019/07/09 20:11:23,1.08
,2019/07/09 20:11:23,1.07
,2019/07/09 20:11:23,1.08
,2019/07/09 20:11:23,1.08
,2019/07/09 20:11:23,1.09
,2019/07/09 20:11:23,1.09
,2019/07/09 20:11:24,1.10
,2019/07/09 20:11:24,1.10
,2019/07/09 20:11:24,1.11
,2019/07/09 20:11:24,1.11
,2019/07/09 20:11:24,1.12
,2019/07/09 20:11:24,1.12
,2019/07/09 20:11:24,1.13
,2019/07/09 20:11:24,1.13
,2019/07/09 20:11:24,1.14
,2019/07/09 20:11:24,1.14
,2019/07/09 20:11:24,1.16
,2019/07/09 20:11:25,1.18
,2019/07/09 20:11:25,1.19
,2019/07/09 20:11:25,1.20
,2019/07/09 20:11:25,1.20
,2019/07/09 20:11:25,1.21
,2019/07/09 20:11:25,1.22
,2019/07/09 20:11:25,1.23
,2019/07/09 20:11:25,1.24
,2019/07/09 20:11:25,1.25
,2019/07/09 20:11:25,1.26
,2019/07/09 20:11:26,1.27
,2019/07/09 20:11:26,1.28
,2019/07/09 20:11:26,1.29
,2019/07/09 20:11:26,1.30
,2019/07/09 20:11:26,1.31
,2019/07/09 20:11:26,1.31
,2019/07/09 20:11:26,1.31
,2019/07/09 20:11:26,1.32
,2019/07/09 20:11:26,1.32
,2019/07/09 20:11:26,1.33
,2019/07/09 20:11:27,1.34
,2019/07/09 20:11:27,1.35
,2019/07/09 20:11:27,1.36
,2019/07/09 20:11:27,1.36
,2019/07/09 20:11:27,1.37
,2019/07/09 20:11:27,1.38
,2019/07/09 20:11:27,1.39
,2019/07/09 20:11:27,1.40
,2019/07/09 20:11:27,1.40
,2019/07/09 20:11:27,1.40
,2019/07/09 20:11:28,1.38
,2019/07/09 20:11:28,1.37
,2019/07/09 20:11:28,1.36
,2019/07/09 20:11:28,1.34
,2019/07/09 20:11:28,1.33
,2019/07/09 20:11:28,1.31
,2019/07/09 20:11:28,1.29
,2019/07/09 20:11:28,1.28
,2019/07/09 20:11:28,1.26
,2019/07/09 20:11:28,1.25
,2019/07/09 20:11:29,1.23
,2019/07/09 20:11:29,1.20
,2019/07/09 20:11:29,1.18
,2019/07/09 20:11:29,1.15
,2019/07/09 20:11:29,1.13
,2019/07/09 20:11:29,1.13
,2019/07/09 20:11:29,1.12
,2019/07/09 20:11:29,1.11
,2019/07/09 20:11:29,1.11
,2019/07/09 20:11:29,1.10
,2019/07/09 20:11:30,1.10
,2019/07/09 20:11:30,1.09
,2019/07/09 20:11:30,1.09
,2019/07/09 20:11:30,1.08
,2019/07/09 20:11:30,1.07
,2019/07/09 20:11:30,1.06
,2019/07/09 20:11:30,1.06
,2019/07/09 20:11:30,1.05
,2019/07/09 20:11:30,1.05
,2019/07/09 20:11:30,1.05
,2019/07/09 20:11:30,1.05
,2019/07/09 20:11:31,1.05
,2019/07/09 20:11:31,1.05
,2019/07/09 20:11:31,1.05
,2019/07/09 20:11:31,1.05
,2019/07/09 20:11:31,1.05
,2019/07/09 20:11:31,1.05
,2019/07/09 20:11:31,1.05
,2019/07/09 20:11:31,1.05
,2019/07/09 20:11:31,1.05
,2019/07/09 20:11:31,1.05
,2019/07/09 20:11:32,1.05
,2019/07/09 20:11:32,1.06
,2019/07/09 20:11:32,1.07
,2019/07/09 20:11:32,1.07
,2019/07/09 20:11:32,1.08
,2019/07/09 20:11:32,1.09
,2019/07/09 20:11:32,1.10
,2019/07/09 20:11:32,1.10
,2019/07/09 20:11:32,1.11
,2019/07/09 20:11:32,1.12
,2019/07/09 20:11:33,1.13
,2019/07/09 20:11:33,1.13
,2019/07/09 20:11:33,1.14
,2019/07/09 20:11:33,1.14
,2019/07/09 20:11:33,1.15
,2019/07/09 20:11:33,1.15
,2019/07/09 20:11:33,1.16
,2019/07/09 20:11:33,1.15
,2019/07/09 20:11:33,1.15
,2019/07/09 20:11:33,1.15
,2019/07/09 20:11:34,1.14
,2019/07/09 20:11:34,1.13
,2019/07/09 20:11:34,1.12
,2019/07/09 20:11:34,1.12
,2019/07/09 20:11:34,1.11
,2019/07/09 20:11:34,1.10
,2019/07/09 20:11:34,1.09
,2019/07/09 20:11:34,1.08
,2019/07/09 20:11:34,1.07
,2019/07/09 20:11:34,1.06
,2019/07/09 20:11:35,1.05
,2019/07/09 20:11:35,1.05
,2019/07/09 20:11:35,1.04
,2019/07/09 20:11:35,1.04
,2019/07/09 20:11:35,1.03
,2019/07/09 20:11:35,1.03
,2019/07/09 20:11:35,1.03
,2019/07/09 20:11:35,1.03
,2019/07/09 20:11:35,1.04
,2019/07/09 20:11:35,1.04
,2019/07/09 20:11:35,1.05
,2019/07/09 20:11:36,1.05
,2019/07/09 20:11:36,1.06
,2019/07/09 20:11:36,1.06
,2019/07/09 20:11:36,1.07
,2019/07/09 20:11:36,1.08
,2019/07/09 20:11:36,1.09
,2019/07/09 20:11:36,1.09
,2019/07/09 20:11:36,1.09
,2019/07/09 20:11:36,1.10
,2019/07/09 20:11:36,1.10
,2019/07/09 20:11:37,1.10
,2019/07/09 20:11:37,1.10
,2019/07/09 20:11:37,1.10
,2019/07/09 20:11:37,1.10
,2019/07/09 20:11:37,1.11
,2019/07/09 20:11:37,1.11
,2019/07/09 20:11:37,1.11
,2019/07/09 20:11:37,1.11
,2019/07/09 20:11:37,1.11
,2019/07/09 20:11:37,1.11
,2019/07/09 20:11:38,1.11
,2019/07/09 20:11:38,1.11
,2019/07/09 20:11:38,1.11
,2019/07/09 20:11:38,1.11
,2019/07/09 20:11:38,1.11
,2019/07/09 20:11:38,1.12
,2019/07/09 20:11:38,1.12
,2019/07/09 20:11:38,1.12
,2019/07/09 20:11:38,1.14
,2019/07/09 20:11:38,1.14
,2019/07/09 20:11:39,1.14
,2019/07/09 20:11:39,1.14
,2019/07/09 20:11:39,1.14
,2019/07/09 20:11:39,1.14
,2019/07/09 20:11:39,1.14
,2019/07/09 20:11:39,1.14
,2019/07/09 20:11:39,1.14
,2019/07/09 20:11:39,1.14
,2019/07/09 20:11:39,1.14
,2019/07/09 20:11:39,1.14
,2019/07/09 20:11:40,1.14
,2019/07/09 20:11:40,1.14
,2019/07/09 20:11:40,1.13
,2019/07/09 20:11:40,1.13
,2019/07/09 20:11:40,1.11
,2019/07/09 20:11:40,1.11
,2019/07/09 20:11:40,1.11
,2019/07/09 20:11:40,1.10
,2019/07/09 20:11:40,1.10
,2019/07/09 20:11:40,1.10
,2019/07/09 20:11:40,1.10
,2019/07/09 20:11:41,1.10
,2019/07/09 20:11:41,1.09
,2019/07/09 20:11:41,1.09
,2019/07/09 20:11:41,1.09
,2019/07/09 20:11:41,1.08
,2019/07/09 20:11:41,1.07
,2019/07/09 20:11:41,1.07
,2019/07/09 20:11:41,1.07
,2019/07/09 20:11:41,1.07
,2019/07/09 20:11:41,1.07
,2019/07/09 20:11:42,1.07
,2019/07/09 20:11:42,1.07
,2019/07/09 20:11:42,1.07
,2019/07/09 20:11:42,1.07
,2019/07/09 20:11:42,1.07
,2019/07/09 20:11:42,1.07
,2019/07/09 20:11:42,1.07
,2019/07/09 20:11:42,1.08
,2019/07/09 20:11:42,1.08
,2019/07/09 20:11:42,1.08
,2019/07/09 20:11:43,1.09
,2019/07/09 20:11:43,1.10
,2019/07/09 20:11:43,1.10
,2019/07/09 20:11:43,1.10
,2019/07/09 20:11:43,1.11
,2019/07/09 20:11:43,1.11
,2019/07/09 20:11:43,1.11
,2019/07/09 20:11:43,1.11
,2019/07/09 20:11:43,1.11
,2019/07/09 20:11:43,1.11
,2019/07/09 20:11:44,1.12
,2019/07/09 20:11:44,1.12
,2019/07/09 20:11:44,1.12
,2019/07/09 20:11:44,1.12
,2019/07/09 20:11:44,1.12
,2019/07/09 20:11:44,1.12
,2019/07/09 20:11:44,1.12
,2019/07/09 20:11:44,1.11
,2019/07/09 20:11:44,1.11
,2019/07/09 20:11:44,1.11
,2019/07/09 20:11:45,1.10
,2019/07/09 20:11:45,1.10
,2019/07/09 20:11:45,1.09
,2019/07/09 20:11:45,1.09
,2019/07/09 20:11:45,1.08
,2019/07/09 20:11:45,1.07
,2019/07/09 20:11:45,1.06
,2019/07/09 20:11:45,1.06
,2019/07/09 20:11:45,1.05
,2019/07/09 20:11:45,1.04
,2019/07/09 20:11:46,1.03
,2019/07/09 20:11:46,1.03
,2019/07/09 20:11:46,1.03
,2019/07/09 20:11:46,1.03
,2019/07/09 20:11:46,1.03
,2019/07/09 20:11:46,1.03
,2019/07/09 20:11:46,1.03
,2019/07/09 20:11:46,1.03
,2019/07/09 20:11:46,1.04
,2019/07/09 20:11:46,1.05
,2019/07/09 20:11:46,1.05
,2019/07/09 20:11:47,1.06
,2019/07/09 20:11:47,1.07
,2019/07/09 20:11:47,1.08
,2019/07/09 20:11:47,1.09
,2019/07/09 20:11:47,1.09
,2019/07/09 20:11:47,1.10
,2019/07/09 20:11:47,1.11
,2019/07/09 20:11:47,1.11
,2019/07/09 20:11:47,1.11
,2019/07/09 20:11:47,1.10
,2019/07/09 20:11:48,1.10
,2019/07/09 20:11:48,1.10
,2019/07/09 20:11:48,1.10
,2019/07/09 20:11:48,1.10
,2019/07/09 20:11:48,1.09
,2019/07/09 20:11:48,1.08
,2019/07/09 20:11:48,1.08
,2019/07/09 20:11:48,1.07
,2019/07/09 20:11:48,1.07
,2019/07/09 20:11:48,1.06
,2019/07/09 20:11:49,1.06
,2019/07/09 20:11:49,1.05
,2019/07/09 20:11:49,1.04
,2019/07/09 20:11:49,1.04
,2019/07/09 20:11:49,1.04
,2019/07/09 20:11:49,1.03
,2019/07/09 20:11:49,1.03
,2019/07/09 20:11:49,1.03
,2019/07/09 20:11:49,1.03
,2019/07/09 20:11:49,1.04
,2019/07/09 20:11:50,1.04
,2019/07/09 20:11:50,1.04
,2019/07/09 20:11:50,1.04
,2019/07/09 20:11:50,1.04
,2019/07/09 20:11:50,1.04
,2019/07/09 20:11:50,1.04
,2019/07/09 20:11:50,1.04
,2019/07/09 20:11:50,1.05
,2019/07/09 20:11:50,1.05
,2019/07/09 20:11:50,1.05
,2019/07/09 20:11:51,1.05
,2019/07/09 20:11:51,1.05
,2019/07/09 20:11:51,1.05
,2019/07/09 20:11:51,1.05
,2019/07/09 20:11:51,1.06
,2019/07/09 20:11:51,1.06
,2019/07/09 20:11:51,1.06
,2019/07/09 20:11:51,1.07
,2019/07/09 20:11:51,1.07
,2019/07/09 20:11:51,1.07
,2019/07/09 20:11:51,1.08
,2019/07/09 20:11:52,1.08
,2019/07/09 20:11:52,1.09
,2019/07/09 20:11:52,1.09
,2019/07/09 20:11:52,1.10
,2019/07/09 20:11:52,1.10
,2019/07/09 20:11:52,1.11
,2019/07/09 20:11:52,1.12
,2019/07/09 20:11:52,1.12
,2019/07/09 20:11:52,1.13
,2019/07/09 20:11:52,1.13
,2019/07/09 20:11:53,1.15
,2019/07/09 20:11:53,1.16
,2019/07/09 20:11:53,1.17
,2019/07/09 20:11:53,1.19
,2019/07/09 20:11:53,1.19
,2019/07/09 20:11:53,1.18
,2019/07/09 20:11:53,1.18
,2019/07/09 20:11:53,1.17
,2019/07/09 20:11:53,1.17
,2019/07/09 20:11:53,1.16
,2019/07/09 20:11:54,1.16
,2019/07/09 20:11:54,1.15
,2019/07/09 20:11:54,1.14
,2019/07/09 20:11:54,1.14
,2019/07/09 20:11:54,1.13
,2019/07/09 20:11:54,1.13
,2019/07/09 20:11:54,1.12
,2019/07/09 20:11:54,1.10
,2019/07/09 20:11:54,1.09
,2019/07/09 20:11:54,1.07
,2019/07/09 20:11:55,1.07
,2019/07/09 20:11:55,1.08
,2019/07/09 20:11:55,1.08
,2019/07/09 20:11:55,1.08
,2019/07/09 20:11:55,1.08
,2019/07/09 20:11:55,1.09
,2019/07/09 20:11:55,1.09
,2019/07/09 20:11:55,1.09
,2019/07/09 20:11:55,1.09
,2019/07/09 20:11:55,1.10
,2019/07/09 20:11:56,1.10
,2019/07/09 20:11:56,1.10
,2019/07/09 20:11:56,1.10
,2019/07/09 20:11:56,1.10
,2019/07/09 20:11:56,1.10
,2019/07/09 20:11:56,1.10
,2019/07/09 20:11:56,1.09
,2019/07/09 20:11:56,1.09
,2019/07/09 20:11:56,1.09
,2019/07/09 20:11:56,1.09
,2019/07/09 20:11:57,1.09
,2019/07/09 20:11:57,1.08
,2019/07/09 20:11:57,1.08
,2019/07/09 20:11:57,1.08
,2019/07/09 20:11:57,1.08
,2019/07/09 20:11:57,1.08
,2019/07/09 20:11:57,1.08
,2019/07/09 20:11:57,1.07
,2019/07/09 20:11:57,1.07
,2019/07/09 20:11:57,1.07
,2019/07/09 20:11:57,1.07
,2019/07/09 20:11:58,1.07
,2019/07/09 20:11:58,1.07
,2019/07/09 20:11:58,1.06
,2019/07/09 20:11:58,1.06
,2019/07/09 20:11:58,1.06
,2019/07/09 20:11:58,1.06
,2019/07/09 20:11:58,1.05
,2019/07/09 20:11:58,1.05
,2019/07/09 20:11:58,1.05
,2019/07/09 20:11:58,1.05
,2019/07/09 20:11:59,1.05
,2019/07/09 20:11:59,1.04
,2019/07/09 20:11:59,1.04
,2019/07/09 20:11:59,1.04
,2019/07/09 20:11:59,1.04
,2019/07/09 20:11:59,1.04
,2019/07/09 20:11:59,1.04
,2019/07/09 20:11:59,1.05
,2019/07/09 20:11:59,1.05
,2019/07/09 20:11:59,1.05
,2019/07/09 20:12:00,1.06
,2019/07/09 20:12:00,1.06
,2019/07/09 20:12:00,1.06
,2019/07/09 20:12:00,1.07
,2019/07/09 20:12:00,1.07
,2019/07/09 20:12:00,1.07
,2019/07/09 20:12:00,1.07
,2019/07/09 20:12:00,1.07
,2019/07/09 20:12:00,1.08
,2019/07/09 20:12:00,1.08
,2019/07/09 20:12:01,1.08
,2019/07/09 20:12:01,1.08
,2019/07/09 20:12:01,1.08
,2019/07/09 20:12:01,1.08
,2019/07/09 20:12:01,1.08
,2019/07/09 20:12:01,1.08
,2019/07/09 20:12:01,1.08
,2019/07/09 20:12:01,1.08
,2019/07/09 20:12:01,1.08
,2019/07/09 20:12:01,1.08
,2019/07/09 20:12:02,1.08
,2019/07/09 20:12:02,1.08
,2019/07/09 20:12:02,1.09
,2019/07/09 20:12:02,1.10
,2019/07/09 20:12:02,1.10
,2019/07/09 20:12:02,1.10
,2019/07/09 20:12:02,1.10
,2019/07/09 20:12:02,1.10
,2019/07/09 20:12:02,1.10
,2019/07/09 20:12:02,1.10
,2019/07/09 20:12:02,1.09
,2019/07/09 20:12:03,1.09
,2019/07/09 20:12:03,1.08
,2019/07/09 20:12:03,1.08
,2019/07/09 20:12:03,1.07
,2019/07/09 20:12:03,1.07
,2019/07/09 20:12:03,1.06
,2019/07/09 20:12:03,1.05
,2019/07/09 20:12:03,1.05
,2019/07/09 20:12:03,1.04
,2019/07/09 20:12:03,1.03
,2019/07/09 20:12:04,1.03
,2019/07/09 20:12:04,1.02
,2019/07/09 20:12:04,1.02
,2019/07/09 20:12:04,1.03
,2019/07/09 20:12:04,1.03
,2019/07/09 20:12:04,1.04
,2019/07/09 20:12:04,1.05
,2019/07/09 20:12:04,1.06
,2019/07/09 20:12:04,1.07
,2019/07/09 20:12:04,1.08
,2019/07/09 20:12:05,1.09
,2019/07/09 20:12:05,1.10
,2019/07/09 20:12:05,1.11
,2019/07/09 20:12:05,1.11
,2019/07/09 20:12:05,1.12
,2019/07/09 20:12:05,1.12
,2019/07/09 20:12:05,1.13
,2019/07/09 20:12:05,1.13
,2019/07/09 20:12:05,1.14
,2019/07/09 20:12:05,1.14
,2019/07/09 20:12:06,1.14
,2019/07/09 20:12:06,1.14
,2019/07/09 20:12:06,1.14
,2019/07/09 20:12:06,1.14
,2019/07/09 20:12:06,1.14
,2019/07/09 20:12:06,1.14
,2019/07/09 20:12:06,1.14
,2019/07/09 20:12:06,1.13
,2019/07/09 20:12:06,1.13
,2019/07/09 20:12:06,1.13
,2019/07/09 20:12:07,1.14
,2019/07/09 20:12:07,1.15
,2019/07/09 20:12:07,1.16
,2019/07/09 20:12:07,1.17
,2019/07/09 20:12:07,1.18
,2019/07/09 20:12:07,1.19
,2019/07/09 20:12:07,1.20
,2019/07/09 20:12:07,1.21
,2019/07/09 20:12:07,1.22
,2019/07/09 20:12:07,1.22
,2019/07/09 20:12:07,1.23
,2019/07/09 20:12:08,1.23
,2019/07/09 20:12:08,1.23
,2019/07/09 20:12:08,1.23
,2019/07/09 20:12:08,1.23
,2019/07/09 20:12:08,1.23
,2019/07/09 20:12:08,1.22
,2019/07/09 20:12:08,1.21
,2019/07/09 20:12:08,1.20
,2019/07/09 20:12:08,1.19
,2019/07/09 20:12:08,1.17
,2019/07/09 20:12:09,1.16
,2019/07/09 20:12:09,1.15
,2019/07/09 20:12:09,1.14
,2019/07/09 20:12:09,1.13
,2019/07/09 20:12:09,1.11
,2019/07/09 20:12:09,1.10
,2019/07/09 20:12:09,1.09
,2019/07/09 20:12:09,1.09
,2019/07/09 20:12:09,1.08
,2019/07/09 20:12:09,1.08
,2019/07/09 20:12:10,1.07
,2019/07/09 20:12:10,1.07
,2019/07/09 20:12:10,1.07
,2019/07/09 20:12:10,1.06
,2019/07/09 20:12:10,1.06
,2019/07/09 20:12:10,1.05
,2019/07/09 20:12:10,1.04
,2019/07/09 20:12:10,1.04
,2019/07/09 20:12:10,1.04
,2019/07/09 20:12:10,1.03
,2019/07/09 20:12:11,1.03
,2019/07/09 20:12:11,1.03
,2019/07/09 20:12:11,1.03
,2019/07/09 20:12:11,1.02
,2019/07/09 20:12:11,1.02
,2019/07/09 20:12:11,1.02
,2019/07/09 20:12:11,1.01
,2019/07/09 20:12:11,1.01
,2019/07/09 20:12:11,1.00
,2019/07/09 20:12:11,1.00
,2019/07/09 20:12:12,1.00
,2019/07/09 20:12:12,1.00
,2019/07/09 20:12:12,1.01
,2019/07/09 20:12:12,1.01
,2019/07/09 20:12:12,1.01
,2019/07/09 20:12:12,1.01
,2019/07/09 20:12:12,1.02
,2019/07/09 20:12:12,1.02
,2019/07/09 20:12:12,1.02
,2019/07/09 20:12:12,1.02
,2019/07/09 20:12:12,1.02
,2019/07/09 20:12:13,1.03
,2019/07/09 20:12:13,1.03
,2019/07/09 20:12:13,1.03
,2019/07/09 20:12:13,1.04
,2019/07/09 20:12:13,1.04
,2019/07/09 20:12:13,1.05
,2019/07/09 20:12:13,1.05
,2019/07/09 20:12:13,1.05
,2019/07/09 20:12:13,1.05
,2019/07/09 20:12:13,1.04
,2019/07/09 20:12:14,1.04
,2019/07/09 20:12:14,1.04
,2019/07/09 20:12:14,1.04
,2019/07/09 20:12:14,1.04
,2019/07/09 20:12:14,1.04
,2019/07/09 20:12:14,1.03
,2019/07/09 20:12:14,1.03
,2019/07/09 20:12:14,1.03
,2019/07/09 20:12:14,1.03
,2019/07/09 20:12:14,1.03
,2019/07/09 20:12:15,1.03
,2019/07/09 20:12:15,1.03
,2019/07/09 20:12:15,1.03
,2019/07/09 20:12:15,1.03
,2019/07/09 20:12:15,1.03
,2019/07/09 20:12:15,1.03
,2019/07/09 20:12:15,1.03
,2019/07/09 20:12:15,1.03
,2019/07/09 20:12:15,1.03
,2019/07/09 20:12:15,1.03
,2019/07/09 20:12:16,1.03
,2019/07/09 20:12:16,1.04
,2019/07/09 20:12:16,1.04
,2019/07/09 20:12:16,1.04
,2019/07/09 20:12:16,1.04
,2019/07/09 20:12:16,1.03
,2019/07/09 20:12:16,1.03
,2019/07/09 20:12:16,1.02
,2019/07/09 20:12:16,1.02
,2019/07/09 20:12:16,1.02
,2019/07/09 20:12:17,1.01
,2019/07/09 20:12:17,1.01
,2019/07/09 20:12:17,1.01
,2019/07/09 20:12:17,1.01
,2019/07/09 20:12:17,1.01
,2019/07/09 20:12:17,1.01
,2019/07/09 20:12:17,1.01
,2019/07/09 20:12:17,1.01
,2019/07/09 20:12:17,1.00
,2019/07/09 20:12:17,1.00
,2019/07/09 20:12:17,1.00
,2019/07/09 20:12:18,1.01
,2019/07/09 20:12:18,1.01
,2019/07/09 20:12:18,1.02
,2019/07/09 20:12:18,1.02
,2019/07/09 20:12:18,1.03
,2019/07/09 20:12:18,1.03
,2019/07/09 20:12:18,1.03
,2019/07/09 20:12:18,1.04
,2019/07/09 20:12:18,1.04
,2019/07/09 20:12:18,1.04
,2019/07/09 20:12:19,1.05
,2019/07/09 20:12:19,1.05
,2019/07/09 20:12:19,1.06
,2019/07/09 20:12:19,1.06
,2019/07/09 20:12:19,1.06
,2019/07/09 20:12:19,1.06
,2019/07/09 20:12:19,1.06
,2019/07/09 20:12:19,1.05
,2019/07/09 20:12:19,1.05
,2019/07/09 20:12:19,1.05
,2019/07/09 20:12:20,1.04
,2019/07/09 20:12:20,1.04
,2019/07/09 20:12:20,1.03
,2019/07/09 20:12:20,1.03
,2019/07/09 20:12:20,1.03
,2019/07/09 20:12:20,1.03
,2019/07/09 20:12:20,1.03
,2019/07/09 20:12:20,1.03
,2019/07/09 20:12:20,1.03
,2019/07/09 20:12:20,1.04
,2019/07/09 20:12:21,1.04
,2019/07/09 20:12:21,1.05
,2019/07/09 20:12:21,1.06
,2019/07/09 20:12:21,1.07
,2019/07/09 20:12:21,1.07
,2019/07/09 20:12:21,1.08
,2019/07/09 20:12:21,1.08
,2019/07/09 20:12:21,1.09
,2019/07/09 20:12:21,1.09
,2019/07/09 20:12:21,1.10
,2019/07/09 20:12:22,1.10
,2019/07/09 20:12:22,1.10
,2019/07/09 20:12:22,1.11
,2019/07/09 20:12:22,1.11
,2019/07/09 20:12:22,1.11
,2019/07/09 20:12:22,1.11
,2019/07/09 20:12:22,1.10
,2019/07/09 20:12:22,1.10
,2019/07/09 20:12:22,1.10
,2019/07/09 20:12:22,1.09
,2019/07/09 20:12:22,1.09
,2019/07/09 20:12:23,1.08
,2019/07/09 20:12:23,1.08
,2019/07/09 20:12:23,1.08
,2019/07/09 20:12:23,1.07
,2019/07/09 20:12:23,1.07
,2019/07/09 20:12:23,1.06
,2019/07/09 20:12:23,1.06
,2019/07/09 20:12:23,1.05
,2019/07/09 20:12:23,1.05
,2019/07/09 20:12:23,1.04
,2019/07/09 20:12:24,1.04
,2019/07/09 20:12:24,1.03
,2019/07/09 20:12:24,1.02
,2019/07/09 20:12:24,1.02
,2019/07/09 20:12:24,1.01
,2019/07/09 20:12:24,1.01
,2019/07/09 20:12:24,1.00
,2019/07/09 20:12:24,1.00
,2019/07/09 20:12:24,1.00
,2019/07/09 20:12:24,1.00
,2019/07/09 20:12:25,0.99
,2019/07/09 20:12:25,0.99
,2019/07/09 20:12:25,0.99
,2019/07/09 20:12:25,0.99
,2019/07/09 20:12:25,0.99
,2019/07/09 20:12:25,0.98
,2019/07/09 20:12:25,0.98
,2019/07/09 20:12:25,0.98
,2019/07/09 20:12:25,0.98
,2019/07/09 20:12:25,0.98
,2019/07/09 20:12:26,0.98
,2019/07/09 20:12:26,0.98
,2019/07/09 20:12:26,0.98
,2019/07/09 20:12:26,0.98
,2019/07/09 20:12:26,0.98
,2019/07/09 20:12:26,0.98
,2019/07/09 20:12:26,0.98
,2019/07/09 20:12:26,0.98
,2019/07/09 20:12:26,0.98
,2019/07/09 20:12:26,0.99
,2019/07/09 20:12:27,0.99
,2019/07/09 20:12:27,0.99
,2019/07/09 20:12:27,1.00
,2019/07/09 20:12:27,1.00
,2019/07/09 20:12:27,1.01
,2019/07/09 20:12:27,1.02
,2019/07/09 20:12:27,1.02
,2019/07/09 20:12:27,1.03
,2019/07/09 20:12:27,1.03
,2019/07/09 20:12:27,1.03
,2019/07/09 20:12:27,1.04
,2019/07/09 20:12:28,1.04
,2019/07/09 20:12:28,1.05
,2019/07/09 20:12:28,1.05
,2019/07/09 20:12:28,1.05
,2019/07/09 20:12:28,1.05
,2019/07/09 20:12:28,1.06
,2019/07/09 20:12:28,1.06
,2019/07/09 20:12:28,1.06
,2019/07/09 20:12:28,1.06
,2019/07/09 20:12:28,1.06
,2019/07/09 20:12:29,1.06
,2019/07/09 20:12:29,1.05
,2019/07/09 20:12:29,1.05
,2019/07/09 20:12:29,1.04
,2019/07/09 20:12:29,1.04
,2019/07/09 20:12:29,1.04
,2019/07/09 20:12:29,1.04
,2019/07/09 20:12:29,1.04
,2019/07/09 20:12:29,1.03
,2019/07/09 20:12:29,1.03
,2019/07/09 20:12:30,1.02
,2019/07/09 20:12:30,1.02
,2019/07/09 20:12:30,1.02
,2019/07/09 20:12:30,1.01
,2019/07/09 20:12:30,1.01
,2019/07/09 20:12:30,1.01
,2019/07/09 20:12:30,1.01
,2019/07/09 20:12:30,1.01
,2019/07/09 20:12:30,1.01
,2019/07/09 20:12:30,1.01
,2019/07/09 20:12:31,1.01
,2019/07/09 20:12:31,1.01
,2019/07/09 20:12:31,1.01
,2019/07/09 20:12:31,1.01
,2019/07/09 20:12:31,1.02
,2019/07/09 20:12:31,1.02
,2019/07/09 20:12:31,1.02
,2019/07/09 20:12:31,1.02
,2019/07/09 20:12:31,1.02
,2019/07/09 20:12:31,1.02
,2019/07/09 20:12:32,1.02
,2019/07/09 20:12:32,1.02
,2019/07/09 20:12:32,1.02
,2019/07/09 20:12:32,1.02
,2019/07/09 20:12:32,1.02
,2019/07/09 20:12:32,1.02
,2019/07/09 20:12:32,1.02
,2019/07/09 20:12:32,1.02
,2019/07/09 20:12:32,1.02
,2019/07/09 20:12:32,1.02
,2019/07/09 20:12:32,1.02
,2019/07/09 20:12:33,1.02
,2019/07/09 20:12:33,1.02
,2019/07/09 20:12:33,1.02
,2019/07/09 20:12:33,1.02
,2019/07/09 20:12:33,1.03
,2019/07/09 20:12:33,1.03
,2019/07/09 20:12:33,1.04
,2019/07/09 20:12:33,1.04
,2019/07/09 20:12:33,1.05
,2019/07/09 20:12:33,1.06
,2019/07/09 20:12:34,1.06
,2019/07/09 20:12:34,1.07
,2019/07/09 20:12:34,1.08
,2019/07/09 20:12:34,1.08
,2019/07/09 20:12:34,1.08
,2019/07/09 20:12:34,1.09
,2019/07/09 20:12:34,1.09
,2019/07/09 20:12:34,1.09
,2019/07/09 20:12:34,1.09
,2019/07/09 20:12:34,1.08
,2019/07/09 20:12:35,1.08
,2019/07/09 20:12:35,1.08
,2019/07/09 20:12:35,1.08
,2019/07/09 20:12:35,1.08
,2019/07/09 20:12:35,1.07
,2019/07/09 20:12:35,1.07
,2019/07/09 20:12:35,1.07
,2019/07/09 20:12:35,1.06
,2019/07/09 20:12:35,1.06
,2019/07/09 20:12:35,1.06
,2019/07/09 20:12:36,1.06
,2019/07/09 20:12:36,1.06
,2019/07/09 20:12:36,1.07
,2019/07/09 20:12:36,1.07
,2019/07/09 20:12:36,1.08
,2019/07/09 20:12:36,1.08
,2019/07/09 20:12:36,1.08
,2019/07/09 20:12:36,1.08
,2019/07/09 20:12:36,1.09
,2019/07/09 20:12:36,1.08
,2019/07/09 20:12:37,1.08
,2019/07/09 20:12:37,1.08
,2019/07/09 20:12:37,1.08
,2019/07/09 20:12:37,1.08
,2019/07/09 20:12:37,1.08
,2019/07/09 20:12:37,1.08
,2019/07/09 20:12:37,1.07
,2019/07/09 20:12:37,1.07
,2019/07/09 20:12:37,1.06
,2019/07/09 20:12:37,1.05
,2019/07/09 20:12:37,1.05
,2019/07/09 20:12:38,1.04
,2019/07/09 20:12:38,1.04
,2019/07/09 20:12:38,1.03
,2019/07/09 20:12:38,1.03
,2019/07/09 20:12:38,1.03
,2019/07/09 20:12:38,1.03
,2019/07/09 20:12:38,1.03
,2019/07/09 20:12:38,1.03
,2019/07/09 20:12:38,1.03
,2019/07/09 20:12:38,1.03
,2019/07/09 20:12:39,1.03
,2019/07/09 20:12:39,1.03
,2019/07/09 20:12:39,1.03
,2019/07/09 20:12:39,1.03
,2019/07/09 20:12:39,1.03
,2019/07/09 20:12:39,1.03
,2019/07/09 20:12:39,1.03
,2019/07/09 20:12:39,1.03
,2019/07/09 20:12:39,1.03
,2019/07/09 20:12:39,1.03
,2019/07/09 20:12:40,1.03
,2019/07/09 20:12:40,1.03
,2019/07/09 20:12:40,1.03
,2019/07/09 20:12:40,1.03
,2019/07/09 20:12:40,1.03
,2019/07/09 20:12:40,1.03
,2019/07/09 20:12:40,1.04
,2019/07/09 20:12:40,1.04
,2019/07/09 20:12:40,1.05
,2019/07/09 20:12:40,1.06
,2019/07/09 20:12:41,1.06
,2019/07/09 20:12:41,1.07
,2019/07/09 20:12:41,1.08
,2019/07/09 20:12:41,1.08
,2019/07/09 20:12:41,1.09
,2019/07/09 20:12:41,1.10
,2019/07/09 20:12:41,1.10
,2019/07/09 20:12:41,1.11
,2019/07/09 20:12:41,1.11
,2019/07/09 20:12:41,1.11
,2019/07/09 20:12:42,1.12
,2019/07/09 20:12:42,1.12
,2019/07/09 20:12:42,1.11
,2019/07/09 20:12:42,1.11
,2019/07/09 20:12:42,1.10
,2019/07/09 20:12:42,1.09
,2019/07/09 20:12:42,1.09
,2019/07/09 20:12:42,1.08
,2019/07/09 20:12:42,1.07
,2019/07/09 20:12:42,1.06
,2019/07/09 20:12:42,1.05
,2019/07/09 20:12:43,1.04
,2019/07/09 20:12:43,1.03
,2019/07/09 20:12:43,1.02
,2019/07/09 20:12:43,1.01
,2019/07/09 20:12:43,1.01
,2019/07/09 20:12:43,1.00
,2019/07/09 20:12:43,1.00
,2019/07/09 20:12:43,1.00
,2019/07/09 20:12:43,0.99
,2019/07/09 20:12:43,0.99
,2019/07/09 20:12:44,0.99
,2019/07/09 20:12:44,0.99
,2019/07/09 20:12:44,0.99
,2019/07/09 20:12:44,1.00
,2019/07/09 20:12:44,1.00
,2019/07/09 20:12:44,1.00
,2019/07/09 20:12:44,1.00
,2019/07/09 20:12:44,1.01
,2019/07/09 20:12:44,1.01
,2019/07/09 20:12:44,1.01
,2019/07/09 20:12:45,1.01
,2019/07/09 20:12:45,1.01
,2019/07/09 20:12:45,1.01
,2019/07/09 20:12:45,1.02
,2019/07/09 20:12:45,1.02
,2019/07/09 20:12:45,1.02
,2019/07/09 20:12:45,1.02
,2019/07/09 20:12:45,1.02
,2019/07/09 20:12:45,1.02
,2019/07/09 20:12:45,1.02
,2019/07/09 20:12:46,1.02
,2019/07/09 20:12:46,1.02
,2019/07/09 20:12:46,1.02
,2019/07/09 20:12:46,1.02
,2019/07/09 20:12:46,1.03
,2019/07/09 20:12:46,1.03
,2019/07/09 20:12:46,1.03
,2019/07/09 20:12:46,1.03
,2019/07/09 20:12:46,1.03
,2019/07/09 20:12:46,1.03
,2019/07/09 20:12:47,1.04
,2019/07/09 20:12:47,1.04
,2019/07/09 20:12:47,1.04
,2019/07/09 20:12:47,1.04
,2019/07/09 20:12:47,1.05
,2019/07/09 20:12:47,1.05
,2019/07/09 20:12:47,1.05
,2019/07/09 20:12:47,1.05
,2019/07/09 20:12:47,1.05
